deputy_id,state,email,political_party,photo_url
220593,MT,,PL,https://www.camara.leg.br/internet/deputado/bandep/220593.jpg
204379,AP,dep.acaciofavacho@camara.leg.br,MDB,https://www.camara.leg.br/internet/deputado/bandep/204379.jpg
220714,AM,dep.adailfilho@camara.leg.br,REPUBLICANOS,https://www.camara.leg.br/internet/deputado/bandep/220714.jpg
221328,SP,dep.adilsonbarroso@camara.leg.br,PL,https://www.camara.leg.br/internet/deputado/bandep/221328.jpg
204560,BA,dep.adolfoviana@camara.leg.br,PSDB,https://www.camara.leg.br/internet/deputado/bandep/204560.jpg
204528,SP,dep.adrianaventura@camara.leg.br,NOVO,https://www.camara.leg.br/internet/deputado/bandep/204528.jpg
121948,GO,dep.adrianodobaldy@camara.leg.br,PP,https://www.camara.leg.br/internet/deputado/bandep/121948.jpg
74646,MG,dep.aecioneves@camara.leg.br,PSDB,https://www.camara.leg.br/internet/deputado/bandep/74646.jpg
160508,BA,,PT,https://www.camara.leg.br/internet/deputado/bandep/160508.jpg
136811,RS,dep.afonsohamm@camara.leg.br,PP,https://www.camara.leg.br/internet/deputado/bandep/136811.jpg
178835,RS,dep.afonsomotta@camara.leg.br,PDT,https://www.camara.leg.br/internet/deputado/bandep/178835.jpg
160527,PB,dep.aguinaldoribeiro@camara.leg.br,PP,https://www.camara.leg.br/internet/deputado/bandep/160527.jpg
204495,PA,dep.airtonfaleiro@camara.leg.br,PT,https://www.camara.leg.br/internet/deputado/bandep/204495.jpg
204549,CE,dep.ajalbuquerque@camara.leg.br,PP,https://www.camara.leg.br/internet/deputado/bandep/204549.jpg
73579,DF,dep.albertofraga@camara.leg.br,PL,https://www.camara.leg.br/internet/deputado/bandep/73579.jpg
74696,SP,,MDB,https://www.camara.leg.br/internet/deputado/bandep/74696.jpg
220538,RR,dep.albuquerque@camara.leg.br,REPUBLICANOS,https://www.camara.leg.br/internet/deputado/bandep/220538.jpg
160559,RS,dep.alceumoreira@camara.leg.br,MDB,https://www.camara.leg.br/internet/deputado/bandep/160559.jpg
204501,SP,dep.alencarsantana@camara.leg.br,PT,https://www.camara.leg.br/internet/deputado/bandep/204501.jpg
178972,SP,dep.alexmanente@camara.leg.br,CIDADANIA,https://www.camara.leg.br/internet/deputado/bandep/178972.jpg
204571,BA,dep.alexsantana@camara.leg.br,REPUBLICANOS,https://www.camara.leg.br/internet/deputado/bandep/204571.jpg
220542,TO,dep.alexandreguimaraes@camara.leg.br,REPUBLICANOS,https://www.camara.leg.br/internet/deputado/bandep/220542.jpg
160545,SP,dep.alexandreleite@camara.leg.br,UNIÃO,https://www.camara.leg.br/internet/deputado/bandep/160545.jpg
220554,RS,dep.alexandrelindenmeyer@camara.leg.br,PT,https://www.camara.leg.br/internet/deputado/bandep/220554.jpg
204503,SP,,PT,https://www.camara.leg.br/internet/deputado/bandep/204503.jpg
221148,SP,dep.alfredinho@camara.leg.br,PT,https://www.camara.leg.br/internet/deputado/bandep/221148.jpg
220576,AL,dep.alfredogaspar@camara.leg.br,UNIÃO,https://www.camara.leg.br/internet/deputado/bandep/220576.jpg
74057,BA,dep.aliceportugal@camara.leg.br,PCdoB,https://www.camara.leg.br/internet/deputado/bandep/74057.jpg
178927,PR,dep.alielmachado@camara.leg.br,PV,https://www.camara.leg.br/internet/deputado/bandep/178927.jpg
226708,MA,dep.allangarces@camara.leg.br,PP,https://www.camara.leg.br/internet/deputado/bandep/226708.jpg
178937,RJ,dep.altineucortes@camara.leg.br,PL,https://www.camara.leg.br/internet/deputado/bandep/178937.jpg
178881,MA,dep.aluisiomendes@camara.leg.br,PSC,https://www.camara.leg.br/internet/deputado/bandep/178881.jpg
220596,MT,,PL,https://www.camara.leg.br/internet/deputado/bandep/220596.jpg
220707,MA,dep.amandagentil@camara.leg.br,PP,https://www.camara.leg.br/internet/deputado/bandep/220707.jpg
204356,ES,dep.amaroneto@camara.leg.br,REPUBLICANOS,https://www.camara.leg.br/internet/deputado/bandep/204356.jpg
220715,AM,dep.amommandel@camara.leg.br,CIDADANIA,https://www.camara.leg.br/internet/deputado/bandep/220715.jpg
107970,MG,dep.anapaulaleao@camara.leg.br,PP,https://www.camara.leg.br/internet/deputado/bandep/107970.jpg
220556,SC,dep.anapaulalima@camara.leg.br,PT,https://www.camara.leg.br/internet/deputado/bandep/220556.jpg
220632,MG,dep.anapimentel@camara.leg.br,PT,https://www.camara.leg.br/internet/deputado/bandep/220632.jpg
220657,CE,dep.andrefernandes@camara.leg.br,PL,https://www.camara.leg.br/internet/deputado/bandep/220657.jpg
204423,PE,dep.andreferreira@camara.leg.br,PL,https://www.camara.leg.br/internet/deputado/bandep/204423.jpg
133439,CE,dep.andrefigueiredo@camara.leg.br,PDT,https://www.camara.leg.br/internet/deputado/bandep/133439.jpg
178882,MA,,PP,https://www.camara.leg.br/internet/deputado/bandep/178882.jpg
204515,MG,dep.andrejanones@camara.leg.br,AVANTE,https://www.camara.leg.br/internet/deputado/bandep/204515.jpg
220676,PA,dep.andreiasiqueira@camara.leg.br,MDB,https://www.camara.leg.br/internet/deputado/bandep/220676.jpg
123756,AC,dep.antonialucia@camara.leg.br,REPUBLICANOS,https://www.camara.leg.br/internet/deputado/bandep/123756.jpg
220544,TO,dep.antonioandrade@camara.leg.br,REPUBLICANOS,https://www.camara.leg.br/internet/deputado/bandep/220544.jpg
160553,BA,dep.antoniobrito@camara.leg.br,PSD,https://www.camara.leg.br/internet/deputado/bandep/160553.jpg
220638,SP,dep.antoniocarlosrodrigues@camara.leg.br,PL,https://www.camara.leg.br/internet/deputado/bandep/220638.jpg
220675,PA,dep.antoniodoido@camara.leg.br,MDB,https://www.camara.leg.br/internet/deputado/bandep/220675.jpg
220549,RS,dep.anyortiz@camara.leg.br,CIDADANIA,https://www.camara.leg.br/internet/deputado/bandep/220549.jpg
73433,SP,dep.arlindochinaglia@camara.leg.br,PT,https://www.camara.leg.br/internet/deputado/bandep/73433.jpg
141391,SP,dep.arnaldojardim@camara.leg.br,CIDADANIA,https://www.camara.leg.br/internet/deputado/bandep/141391.jpg
160541,AL,dep.arthurlira@camara.leg.br,PP,https://www.camara.leg.br/internet/deputado/bandep/160541.jpg
160600,BA,dep.arthuroliveiramaia@camara.leg.br,UNIÃO,https://www.camara.leg.br/internet/deputado/bandep/160600.jpg
74090,AM,dep.atilalins@camara.leg.br,PSD,https://www.camara.leg.br/internet/deputado/bandep/74090.jpg
123086,PI,dep.atilalira@camara.leg.br,PP,https://www.camara.leg.br/internet/deputado/bandep/123086.jpg
160665,PE,dep.augustocoutinho@camara.leg.br,REPUBLICANOS,https://www.camara.leg.br/internet/deputado/bandep/160665.jpg
220577,AP,dep.augustopuppio@camara.leg.br,MDB,https://www.camara.leg.br/internet/deputado/bandep/220577.jpg
160512,RJ,dep.aureoribeiro@camara.leg.br,SOLIDARIEDADE,https://www.camara.leg.br/internet/deputado/bandep/160512.jpg
69871,BA,dep.bacelar@camara.leg.br,PV,https://www.camara.leg.br/internet/deputado/bandep/69871.jpg
178975,SP,dep.baleiarossi@camara.leg.br,MDB,https://www.camara.leg.br/internet/deputado/bandep/178975.jpg
220605,RJ,dep.bandeirademello@camara.leg.br,PSB,https://www.camara.leg.br/internet/deputado/bandep/220605.jpg
220612,RJ,dep.bebeto@camara.leg.br,PTB,https://www.camara.leg.br/internet/deputado/bandep/220612.jpg
73701,RJ,dep.beneditadasilva@camara.leg.br,PT,https://www.camara.leg.br/internet/deputado/bandep/73701.jpg
109429,RN,dep.benesleocadio@camara.leg.br,UNIÃO,https://www.camara.leg.br/internet/deputado/bandep/109429.jpg
204358,MS,dep.betopereira@camara.leg.br,PSDB,https://www.camara.leg.br/internet/deputado/bandep/204358.jpg
220698,PR,,PSD,https://www.camara.leg.br/internet/deputado/bandep/220698.jpg
220683,PR,dep.betoricha@camara.leg.br,PSDB,https://www.camara.leg.br/internet/deputado/bandep/220683.jpg
204374,DF,dep.biakicis@camara.leg.br,PL,https://www.camara.leg.br/internet/deputado/bandep/204374.jpg
204388,RS,dep.bibonunes@camara.leg.br,PL,https://www.camara.leg.br/internet/deputado/bandep/204388.jpg
160538,RS,dep.bohngass@camara.leg.br,PT,https://www.camara.leg.br/internet/deputado/bandep/160538.jpg
74052,SE,,PL,https://www.camara.leg.br/internet/deputado/bandep/74052.jpg
210989,MG,dep.brunofarias@camara.leg.br,AVANTE,https://www.camara.leg.br/internet/deputado/bandep/210989.jpg
220635,SP,dep.brunoganem@camara.leg.br,PODE,https://www.camara.leg.br/internet/deputado/bandep/220635.jpg
220574,PB,dep.cabogilbertosilva@camara.leg.br,PL,https://www.camara.leg.br/internet/deputado/bandep/220574.jpg
143942,RJ,,PSD,https://www.camara.leg.br/internet/deputado/bandep/143942.jpg
220548,MS,dep.camilajara@camara.leg.br,PT,https://www.camara.leg.br/internet/deputado/bandep/220548.jpg
204572,AM,dep.capitaoalbertoneto@camara.leg.br,PL,https://www.camara.leg.br/internet/deputado/bandep/204572.jpg
220690,BA,dep.capitaoalden@camara.leg.br,PL,https://www.camara.leg.br/internet/deputado/bandep/220690.jpg
178829,SP,dep.capitaoaugusto@camara.leg.br,PL,https://www.camara.leg.br/internet/deputado/bandep/178829.jpg
229069,SE,,PP,https://www.camara.leg.br/internet/deputado/bandep/229069.jpg
229106,SC,,PT,https://www.camara.leg.br/internet/deputado/bandep/229106.jpg
213762,RN,dep.carladickson@camara.leg.br,UNIÃO,https://www.camara.leg.br/internet/deputado/bandep/213762.jpg
204507,SP,dep.carlazambelli@camara.leg.br,PL,https://www.camara.leg.br/internet/deputado/bandep/204507.jpg
204361,SC,dep.carloschiodini@camara.leg.br,MDB,https://www.camara.leg.br/internet/deputado/bandep/204361.jpg
178962,RS,,REPUBLICANOS,https://www.camara.leg.br/internet/deputado/bandep/178962.jpg
178993,TO,dep.carloshenriquegaguim@camara.leg.br,UNIÃO,https://www.camara.leg.br/internet/deputado/bandep/178993.jpg
204460,RJ,dep.carlosjordy@camara.leg.br,PL,https://www.camara.leg.br/internet/deputado/bandep/204460.jpg
74262,SP,dep.carlossampaio@camara.leg.br,PSDB,https://www.camara.leg.br/internet/deputado/bandep/74262.jpg
204426,PE,dep.carlosveras@camara.leg.br,PT,https://www.camara.leg.br/internet/deputado/bandep/204426.jpg
141398,SP,dep.carloszarattini@camara.leg.br,PT,https://www.camara.leg.br/internet/deputado/bandep/141398.jpg
164360,SC,,CIDADANIA,https://www.camara.leg.br/internet/deputado/bandep/164360.jpg
220704,PR,dep.caroldartora@camara.leg.br,PT,https://www.camara.leg.br/internet/deputado/bandep/220704.jpg
204369,SC,dep.carolinedetoni@camara.leg.br,PL,https://www.camara.leg.br/internet/deputado/bandep/204369.jpg
220699,PI,dep.castroneto@camara.leg.br,PSD,https://www.camara.leg.br/internet/deputado/bandep/220699.jpg
206018,MG,dep.celiaxakriaba@camara.leg.br,PSOL,https://www.camara.leg.br/internet/deputado/bandep/206018.jpg
178876,GO,dep.celiosilveira@camara.leg.br,MDB,https://www.camara.leg.br/internet/deputado/bandep/178876.jpg
204488,CE,dep.celiostudart@camara.leg.br,PSD,https://www.camara.leg.br/internet/deputado/bandep/204488.jpg
73441,SP,dep.celsorussomanno@camara.leg.br,REPUBLICANOS,https://www.camara.leg.br/internet/deputado/bandep/73441.jpg
204496,PA,,UNIÃO,https://www.camara.leg.br/internet/deputado/bandep/204496.jpg
204504,SP,dep.cezinhademadureira@camara.leg.br,PSD,https://www.camara.leg.br/internet/deputado/bandep/204504.jpg
205476,BA,dep.charlesfernandes@camara.leg.br,PSD,https://www.camara.leg.br/internet/deputado/bandep/205476.jpg
74171,RJ,dep.chicoalencar@camara.leg.br,PSOL,https://www.camara.leg.br/internet/deputado/bandep/74171.jpg
204476,RJ,dep.chiquinhobrazao@camara.leg.br,UNIÃO,https://www.camara.leg.br/internet/deputado/bandep/204476.jpg
204462,RJ,dep.christonietto@camara.leg.br,PL,https://www.camara.leg.br/internet/deputado/bandep/204462.jpg
220665,PE,dep.clarissatercio@camara.leg.br,PP,https://www.camara.leg.br/internet/deputado/bandep/220665.jpg
74537,BA,dep.claudiocajado@camara.leg.br,PP,https://www.camara.leg.br/internet/deputado/bandep/74537.jpg
141408,MA,dep.cleberverde@camara.leg.br,REPUBLICANOS,https://www.camara.leg.br/internet/deputado/bandep/141408.jpg
88256,PE,dep.clodoaldomagalhaes@camara.leg.br,PV,https://www.camara.leg.br/internet/deputado/bandep/88256.jpg
98148,SC,dep.cobalchini@camara.leg.br,MDB,https://www.camara.leg.br/internet/deputado/bandep/98148.jpg
220594,MT,dep.coronelassis@camara.leg.br,UNIÃO,https://www.camara.leg.br/internet/deputado/bandep/220594.jpg
204378,RO,dep.coronelchrisostomo@camara.leg.br,PL,https://www.camara.leg.br/internet/deputado/bandep/204378.jpg
220595,MT,dep.coronelfernanda@camara.leg.br,PL,https://www.camara.leg.br/internet/deputado/bandep/220595.jpg
220666,PE,dep.coronelmeira@camara.leg.br,PL,https://www.camara.leg.br/internet/deputado/bandep/220666.jpg
222142,SP,,PP,https://www.camara.leg.br/internet/deputado/bandep/222142.jpg
220590,AC,dep.coronelulysses@camara.leg.br,UNIÃO,https://www.camara.leg.br/internet/deputado/bandep/220590.jpg
178963,RS,dep.covattifilho@camara.leg.br,PP,https://www.camara.leg.br/internet/deputado/bandep/178963.jpg
220608,RO,dep.cristianelopes@camara.leg.br,UNIÃO,https://www.camara.leg.br/internet/deputado/bandep/220608.jpg
204355,ES,dep.davitoria@camara.leg.br,PP,https://www.camara.leg.br/internet/deputado/bandep/204355.jpg
141411,MS,dep.dagobertonogueira@camara.leg.br,PSDB,https://www.camara.leg.br/internet/deputado/bandep/141411.jpg
220555,RS,dep.daianasantos@camara.leg.br,PCdoB,https://www.camara.leg.br/internet/deputado/bandep/220555.jpg
220692,BA,dep.dalbarreto@camara.leg.br,UNIÃO,https://www.camara.leg.br/internet/deputado/bandep/220692.jpg
74467,PB,dep.damiaofeliciano@camara.leg.br,UNIÃO,https://www.camara.leg.br/internet/deputado/bandep/74467.jpg
220629,MG,dep.dandara@camara.leg.br,PT,https://www.camara.leg.br/internet/deputado/bandep/220629.jpg
220603,RJ,dep.danicunha@camara.leg.br,UNIÃO,https://www.camara.leg.br/internet/deputado/bandep/220603.jpg
220571,GO,dep.danielagrobom@camara.leg.br,PL,https://www.camara.leg.br/internet/deputado/bandep/220571.jpg
74060,BA,dep.danielalmeida@camara.leg.br,PCdoB,https://www.camara.leg.br/internet/deputado/bandep/74060.jpg
220582,AL,dep.danielbarbosa@camara.leg.br,PP,https://www.camara.leg.br/internet/deputado/bandep/220582.jpg
204367,SC,dep.danielfreitas@camara.leg.br,PL,https://www.camara.leg.br/internet/deputado/bandep/204367.jpg
228941,SP,,PODE,https://www.camara.leg.br/internet/deputado/bandep/228941.jpg
220614,RJ,dep.dr.danielsoranz@camara.leg.br,PSD,https://www.camara.leg.br/internet/deputado/bandep/220614.jpg
204409,RS,dep.danieltrzeciak@camara.leg.br,PSDB,https://www.camara.leg.br/internet/deputado/bandep/204409.jpg
204459,RJ,dep.danieladowaguinho@camara.leg.br,UNIÃO,https://www.camara.leg.br/internet/deputado/bandep/204459.jpg
220557,SC,dep.danielareinehr@camara.leg.br,PL,https://www.camara.leg.br/internet/deputado/bandep/220557.jpg
62881,CE,dep.daniloforte@camara.leg.br,UNIÃO,https://www.camara.leg.br/internet/deputado/bandep/62881.jpg
160552,RS,dep.danrleidedeushinterholz@camara.leg.br,PSD,https://www.camara.leg.br/internet/deputado/bandep/160552.jpg
116379,SC,,PSD,https://www.camara.leg.br/internet/deputado/bandep/116379.jpg
204511,SP,dep.davidsoares@camara.leg.br,UNIÃO,https://www.camara.leg.br/internet/deputado/bandep/204511.jpg
220659,CE,dep.dayanybittencourt@camara.leg.br,UNIÃO,https://www.camara.leg.br/internet/deputado/bandep/220659.jpg
220539,RR,dep.defensorsteliodener@camara.leg.br,REPUBLICANOS,https://www.camara.leg.br/internet/deputado/bandep/220539.jpg
220565,GO,dep.delegadaadrianaaccorsi@camara.leg.br,PT,https://www.camara.leg.br/internet/deputado/bandep/220565.jpg
220625,MG,dep.delegadaione@camara.leg.br,AVANTE,https://www.camara.leg.br/internet/deputado/bandep/220625.jpg
220561,SE,dep.delegadakatarina@camara.leg.br,PSD,https://www.camara.leg.br/internet/deputado/bandep/220561.jpg
220642,SP,dep.delegadobrunolima@camara.leg.br,PP,https://www.camara.leg.br/internet/deputado/bandep/220642.jpg
220673,PA,dep.delegadocaveira@camara.leg.br,PL,https://www.camara.leg.br/internet/deputado/bandep/220673.jpg
220649,SP,dep.delegadodacunha@camara.leg.br,PP,https://www.camara.leg.br/internet/deputado/bandep/220649.jpg
178908,PA,dep.delegadoedermauro@camara.leg.br,PL,https://www.camara.leg.br/internet/deputado/bandep/178908.jpg
220583,AL,dep.delegadofabiocosta@camara.leg.br,PP,https://www.camara.leg.br/internet/deputado/bandep/220583.jpg
204512,MG,dep.delegadomarcelofreitas@camara.leg.br,UNIÃO,https://www.camara.leg.br/internet/deputado/bandep/204512.jpg
220701,PR,dep.delegadomatheuslaiola@camara.leg.br,UNIÃO,https://www.camara.leg.br/internet/deputado/bandep/220701.jpg
220652,SP,dep.delegadopalumbo@camara.leg.br,MDB,https://www.camara.leg.br/internet/deputado/bandep/220652.jpg
220654,SP,dep.delegadopaulobilynskyj@camara.leg.br,PL,https://www.camara.leg.br/internet/deputado/bandep/220654.jpg
220619,RJ,dep.delegadoramagem@camara.leg.br,PL,https://www.camara.leg.br/internet/deputado/bandep/220619.jpg
228272,MG,,PDT,https://www.camara.leg.br/internet/deputado/bandep/228272.jpg
220705,PR,,PODE,https://www.camara.leg.br/internet/deputado/bandep/220705.jpg
220553,RS,dep.denisepessoa@camara.leg.br,PT,https://www.camara.leg.br/internet/deputado/bandep/220553.jpg
220689,MA,dep.detinha@camara.leg.br,PL,https://www.camara.leg.br/internet/deputado/bandep/220689.jpg
160588,MG,dep.diegoandrade@camara.leg.br,PSD,https://www.camara.leg.br/internet/deputado/bandep/160588.jpg
220691,BA,dep.diegocoronel@camara.leg.br,PSD,https://www.camara.leg.br/internet/deputado/bandep/220691.jpg
178929,PR,dep.diegogarcia@camara.leg.br,REPUBLICANOS,https://www.camara.leg.br/internet/deputado/bandep/178929.jpg
73768,PR,dep.dilceusperafico@camara.leg.br,PP,https://www.camara.leg.br/internet/deputado/bandep/73768.jpg
220671,PA,dep.dilvandafaro@camara.leg.br,PT,https://www.camara.leg.br/internet/deputado/bandep/220671.jpg
160599,MG,dep.dimasfabiano@camara.leg.br,PP,https://www.camara.leg.br/internet/deputado/bandep/160599.jpg
220602,RJ,dep.dimasgadelha@camara.leg.br,PT,https://www.camara.leg.br/internet/deputado/bandep/220602.jpg
143632,CE,dep.domingosneto@camara.leg.br,PSD,https://www.camara.leg.br/internet/deputado/bandep/143632.jpg
160758,MG,dep.domingossavio@camara.leg.br,PL,https://www.camara.leg.br/internet/deputado/bandep/160758.jpg
220573,AP,dep.dorinaldomalafaia@camara.leg.br,PDT,https://www.camara.leg.br/internet/deputado/bandep/220573.jpg
227433,SP,,UNIÃO,https://www.camara.leg.br/internet/deputado/bandep/227433.jpg
204450,RJ,dep.doutorluizinho@camara.leg.br,PP,https://www.camara.leg.br/internet/deputado/bandep/204450.jpg
221339,MA,,UNIÃO,https://www.camara.leg.br/internet/deputado/bandep/221339.jpg
227401,AC,,UNIÃO,https://www.camara.leg.br/internet/deputado/bandep/227401.jpg
227991,RJ,,PL,https://www.camara.leg.br/internet/deputado/bandep/227991.jpg
220610,RO,dep.dr.fernandomaximo@camara.leg.br,UNIÃO,https://www.camara.leg.br/internet/deputado/bandep/220610.jpg
220688,PI,dep.dr.francisco@camara.leg.br,PT,https://www.camara.leg.br/internet/deputado/bandep/220688.jpg
204518,MG,dep.dr.frederico@camara.leg.br,PATRIOTA,https://www.camara.leg.br/internet/deputado/bandep/204518.jpg
212625,MA,,PODE,https://www.camara.leg.br/internet/deputado/bandep/212625.jpg
220570,GO,dep.dr.ismaelalexandrino@camara.leg.br,PSD,https://www.camara.leg.br/internet/deputado/bandep/220570.jpg
204481,CE,dep.dr.jaziel@camara.leg.br,PL,https://www.camara.leg.br/internet/deputado/bandep/204481.jpg
204351,MS,dep.dr.luizovando@camara.leg.br,PP,https://www.camara.leg.br/internet/deputado/bandep/204351.jpg
228616,MA,,PP,https://www.camara.leg.br/internet/deputado/bandep/228616.jpg
220528,ES,dep.dr.victorlinhalis@camara.leg.br,PODE,https://www.camara.leg.br/internet/deputado/bandep/220528.jpg
204412,GO,dep.dr.zachariascalil@camara.leg.br,UNIÃO,https://www.camara.leg.br/internet/deputado/bandep/204412.jpg
220674,PA,dep.dra.alessandrahaber@camara.leg.br,MDB,https://www.camara.leg.br/internet/deputado/bandep/220674.jpg
230088,CE,,PL,https://www.camara.leg.br/internet/deputado/bandep/230088.jpg
220686,MA,dep.duartejr@camara.leg.br,PSB,https://www.camara.leg.br/internet/deputado/bandep/220686.jpg
227800,MG,,PSC,https://www.camara.leg.br/internet/deputado/bandep/227800.jpg
220540,RR,dep.dudaramos@camara.leg.br,MDB,https://www.camara.leg.br/internet/deputado/bandep/220540.jpg
220623,MG,dep.dudasalabert@camara.leg.br,PDT,https://www.camara.leg.br/internet/deputado/bandep/220623.jpg
204541,CE,,PDT,https://www.camara.leg.br/internet/deputado/bandep/204541.jpg
92346,SP,dep.eduardobolsonaro@camara.leg.br,PL,https://www.camara.leg.br/internet/deputado/bandep/92346.jpg
141421,PE,dep.eduardodafonte@camara.leg.br,PP,https://www.camara.leg.br/internet/deputado/bandep/141421.jpg
220589,AC,dep.eduardovelloso@camara.leg.br,UNIÃO,https://www.camara.leg.br/internet/deputado/bandep/220589.jpg
74075,PA,dep.elcionebarbalho@camara.leg.br,MDB,https://www.camara.leg.br/internet/deputado/bandep/74075.jpg
204364,TO,dep.eliborges@camara.leg.br,PL,https://www.camara.leg.br/internet/deputado/bandep/204364.jpg
226553,CE,,PSD,https://www.camara.leg.br/internet/deputado/bandep/226553.jpg
229585,BA,,PT,https://www.camara.leg.br/internet/deputado/bandep/229585.jpg
220008,PB,,PP,https://www.camara.leg.br/internet/deputado/bandep/220008.jpg
178854,BA,dep.elmarnascimento@camara.leg.br,UNIÃO,https://www.camara.leg.br/internet/deputado/bandep/178854.jpg
218086,SP,dep.elysantos@camara.leg.br,REPUBLICANOS,https://www.camara.leg.br/internet/deputado/bandep/218086.jpg
198783,MT,dep.emanuelpinheironeto@camara.leg.br,MDB,https://www.camara.leg.br/internet/deputado/bandep/198783.jpg
161550,MG,dep.emidinhomadeira@camara.leg.br,PL,https://www.camara.leg.br/internet/deputado/bandep/161550.jpg
225730,CE,dep.enfermeiraanapaula@camara.leg.br,PDT,https://www.camara.leg.br/internet/deputado/bandep/225730.jpg
230765,RJ,dep.enfermeirarejane@camara.leg.br,PCdoB,https://www.camara.leg.br/internet/deputado/bandep/230765.jpg
132504,PR,,PT,https://www.camara.leg.br/internet/deputado/bandep/132504.jpg
220663,PE,dep.eribertomedeiros@camara.leg.br,PSB,https://www.camara.leg.br/internet/deputado/bandep/220663.jpg
220645,SP,dep.erikahilton@camara.leg.br,PSOL,https://www.camara.leg.br/internet/deputado/bandep/220645.jpg
160575,DF,dep.erikakokay@camara.leg.br,PT,https://www.camara.leg.br/internet/deputado/bandep/160575.jpg
160640,MG,dep.erosbiondini@camara.leg.br,PL,https://www.camara.leg.br/internet/deputado/bandep/160640.jpg
204482,MG,dep.euclydespettersen@camara.leg.br,PSC,https://www.camara.leg.br/internet/deputado/bandep/204482.jpg
74454,CE,dep.euniciooliveira@camara.leg.br,MDB,https://www.camara.leg.br/internet/deputado/bandep/74454.jpg
178871,ES,dep.evairvieirademelo@camara.leg.br,PP,https://www.camara.leg.br/internet/deputado/bandep/178871.jpg
178905,MT,,UNIÃO,https://www.camara.leg.br/internet/deputado/bandep/178905.jpg
68720,SE,,UNIÃO,https://www.camara.leg.br/internet/deputado/bandep/68720.jpg
220681,MA,dep.fabiomacedo@camara.leg.br,PODE,https://www.camara.leg.br/internet/deputado/bandep/220681.jpg
171623,SE,,PSD,https://www.camara.leg.br/internet/deputado/bandep/171623.jpg
204368,SC,dep.fabioschiochet@camara.leg.br,UNIÃO,https://www.camara.leg.br/internet/deputado/bandep/204368.jpg
220653,SP,dep.fabioteruel@camara.leg.br,MDB,https://www.camara.leg.br/internet/deputado/bandep/220653.jpg
66828,SP,dep.faustopinato@camara.leg.br,PP,https://www.camara.leg.br/internet/deputado/bandep/66828.jpg
220712,AM,dep.faustosantosjr@camara.leg.br,UNIÃO,https://www.camara.leg.br/internet/deputado/bandep/220712.jpg
220646,SP,dep.felipebecari@camara.leg.br,UNIÃO,https://www.camara.leg.br/internet/deputado/bandep/220646.jpg
72442,PE,dep.felipecarreras@camara.leg.br,PSB,https://www.camara.leg.br/internet/deputado/bandep/72442.jpg
204398,PR,dep.felipefrancischini@camara.leg.br,UNIÃO,https://www.camara.leg.br/internet/deputado/bandep/204398.jpg
227370,MG,,PATRIOTA,https://www.camara.leg.br/internet/deputado/bandep/227370.jpg
160666,BA,dep.felixmendoncajunior@camara.leg.br,PDT,https://www.camara.leg.br/internet/deputado/bandep/160666.jpg
204407,RS,dep.fernandamelchionna@camara.leg.br,PSOL,https://www.camara.leg.br/internet/deputado/bandep/204407.jpg
220656,CE,dep.fernandapessoa@camara.leg.br,UNIÃO,https://www.camara.leg.br/internet/deputado/bandep/220656.jpg
141431,PE,dep.fernandocoelhofilho@camara.leg.br,UNIÃO,https://www.camara.leg.br/internet/deputado/bandep/141431.jpg
204445,RN,dep.fernandomineiro@camara.leg.br,PT,https://www.camara.leg.br/internet/deputado/bandep/204445.jpg
92699,PE,dep.fernandomonteiro@camara.leg.br,PP,https://www.camara.leg.br/internet/deputado/bandep/92699.jpg
204427,PE,dep.fernandorodolfo@camara.leg.br,PL,https://www.camara.leg.br/internet/deputado/bandep/204427.jpg
204411,PR,dep.filipebarros@camara.leg.br,PL,https://www.camara.leg.br/internet/deputado/bandep/204411.jpg
220545,TO,dep.filipemartins@camara.leg.br,PL,https://www.camara.leg.br/internet/deputado/bandep/220545.jpg
160598,GO,dep.flaviamorais@camara.leg.br,PDT,https://www.camara.leg.br/internet/deputado/bandep/160598.jpg
225727,MT,,MDB,https://www.camara.leg.br/internet/deputado/bandep/225727.jpg
191923,PI,dep.flavionogueira@camara.leg.br,PT,https://www.camara.leg.br/internet/deputado/bandep/191923.jpg
220700,PI,dep.florentinoneto@camara.leg.br,PT,https://www.camara.leg.br/internet/deputado/bandep/220700.jpg
220551,RS,dep.francianebayer@camara.leg.br,REPUBLICANOS,https://www.camara.leg.br/internet/deputado/bandep/220551.jpg
204494,MG,dep.fredcosta@camara.leg.br,PATRIOTA,https://www.camara.leg.br/internet/deputado/bandep/204494.jpg
220534,DF,dep.fredlinhares@camara.leg.br,REPUBLICANOS,https://www.camara.leg.br/internet/deputado/bandep/220534.jpg
224117,RR,dep.gabrielmota@camara.leg.br,REPUBLICANOS,https://www.camara.leg.br/internet/deputado/bandep/224117.jpg
220708,BA,dep.gabrielnunes@camara.leg.br,PSD,https://www.camara.leg.br/internet/deputado/bandep/220708.jpg
204473,RN,dep.generalgirao@camara.leg.br,PL,https://www.camara.leg.br/internet/deputado/bandep/204473.jpg
220611,RJ,dep.generalpazuello@camara.leg.br,PL,https://www.camara.leg.br/internet/deputado/bandep/220611.jpg
178966,SC,dep.geovaniadesa@camara.leg.br,PSDB,https://www.camara.leg.br/internet/deputado/bandep/178966.jpg
220702,PR,dep.geraldomendes@camara.leg.br,UNIÃO,https://www.camara.leg.br/internet/deputado/bandep/220702.jpg
74374,MS,dep.geraldoresende@camara.leg.br,PSDB,https://www.camara.leg.br/internet/deputado/bandep/74374.jpg
220587,AC,,PP,https://www.camara.leg.br/internet/deputado/bandep/220587.jpg
204394,PB,dep.gervasiomaia@camara.leg.br,PSB,https://www.camara.leg.br/internet/deputado/bandep/204394.jpg
74383,PR,dep.giacobo@camara.leg.br,PL,https://www.camara.leg.br/internet/deputado/bandep/74383.jpg
204491,MG,dep.gilbertoabramo@camara.leg.br,REPUBLICANOS,https://www.camara.leg.br/internet/deputado/bandep/204491.jpg
74270,SP,dep.gilbertonascimento@camara.leg.br,PSC,https://www.camara.leg.br/internet/deputado/bandep/74270.jpg
220529,ES,dep.gilsondaniel@camara.leg.br,PODE,https://www.camara.leg.br/internet/deputado/bandep/220529.jpg
204365,SC,dep.gilsonmarques@camara.leg.br,NOVO,https://www.camara.leg.br/internet/deputado/bandep/204365.jpg
220526,ES,dep.gilvandafederal@camara.leg.br,PL,https://www.camara.leg.br/internet/deputado/bandep/220526.jpg
220531,DF,dep.gilvanmaximo@camara.leg.br,REPUBLICANOS,https://www.camara.leg.br/internet/deputado/bandep/220531.jpg
160673,RS,dep.giovanicherini@camara.leg.br,PL,https://www.camara.leg.br/internet/deputado/bandep/160673.jpg
226179,MT,dep.giselasimona@camara.leg.br,UNIÃO,https://www.camara.leg.br/internet/deputado/bandep/226179.jpg
152605,RJ,dep.glauberbraga@camara.leg.br,PSOL,https://www.camara.leg.br/internet/deputado/bandep/152605.jpg
229333,MG,,PL,https://www.camara.leg.br/internet/deputado/bandep/229333.jpg
204419,GO,dep.glaustindafokus@camara.leg.br,PSC,https://www.camara.leg.br/internet/deputado/bandep/204419.jpg
107283,PR,dep.gleisihoffmann@camara.leg.br,PT,https://www.camara.leg.br/internet/deputado/bandep/107283.jpg
198197,MG,dep.greyceelias@camara.leg.br,AVANTE,https://www.camara.leg.br/internet/deputado/bandep/198197.jpg
220639,SP,dep.guilhermeboulos@camara.leg.br,PSOL,https://www.camara.leg.br/internet/deputado/bandep/220639.jpg
204531,SP,,PL,https://www.camara.leg.br/internet/deputado/bandep/204531.jpg
220664,PE,dep.guilhermeuchoa@camara.leg.br,PSB,https://www.camara.leg.br/internet/deputado/bandep/220664.jpg
220568,GO,dep.gustavogayer@camara.leg.br,PL,https://www.camara.leg.br/internet/deputado/bandep/220568.jpg
204408,SE,dep.gustinhoribeiro@camara.leg.br,REPUBLICANOS,https://www.camara.leg.br/internet/deputado/bandep/204408.jpg
204456,RJ,dep.gutembergreis@camara.leg.br,MDB,https://www.camara.leg.br/internet/deputado/bandep/204456.jpg
178964,RS,dep.heitorschuch@camara.leg.br,PSB,https://www.camara.leg.br/internet/deputado/bandep/178964.jpg
178873,ES,dep.heldersalomao@camara.leg.br,PT,https://www.camara.leg.br/internet/deputado/bandep/178873.jpg
220537,RR,dep.helenalima@camara.leg.br,MDB,https://www.camara.leg.br/internet/deputado/bandep/220537.jpg
178909,PA,,UNIÃO,https://www.camara.leg.br/internet/deputado/bandep/178909.jpg
204444,RJ,dep.heliolopes@camara.leg.br,PL,https://www.camara.leg.br/internet/deputado/bandep/204444.jpg
220672,PA,dep.hendersonpinto@camara.leg.br,MDB,https://www.camara.leg.br/internet/deputado/bandep/220672.jpg
227324,MA,,PL,https://www.camara.leg.br/internet/deputado/bandep/227324.jpg
204539,MG,dep.herciliocoelhodiniz@camara.leg.br,MDB,https://www.camara.leg.br/internet/deputado/bandep/204539.jpg
100689,GO,,REPUBLICANOS,https://www.camara.leg.br/internet/deputado/bandep/100689.jpg
178884,MA,dep.hildorocha@camara.leg.br,MDB,https://www.camara.leg.br/internet/deputado/bandep/178884.jpg
141450,RJ,dep.hugoleal@camara.leg.br,PSD,https://www.camara.leg.br/internet/deputado/bandep/141450.jpg
160674,PB,dep.hugomotta@camara.leg.br,REPUBLICANOS,https://www.camara.leg.br/internet/deputado/bandep/160674.jpg
220563,SE,dep.icarodevalmir@camara.leg.br,PL,https://www.camara.leg.br/internet/deputado/bandep/220563.jpg
204533,CE,,PDT,https://www.camara.leg.br/internet/deputado/bandep/204533.jpg
204508,MG,dep.igortimo@camara.leg.br,PODE,https://www.camara.leg.br/internet/deputado/bandep/204508.jpg
98615,SC,dep.ismael@camara.leg.br,PSD,https://www.camara.leg.br/internet/deputado/bandep/98615.jpg
204436,AL,dep.isnaldobulhoesjr@camara.leg.br,MDB,https://www.camara.leg.br/internet/deputado/bandep/204436.jpg
230764,MA,dep.ivanjunior@camara.leg.br,UNIÃO,https://www.camara.leg.br/internet/deputado/bandep/230764.jpg
73531,SP,dep.ivanvalente@camara.leg.br,PSOL,https://www.camara.leg.br/internet/deputado/bandep/73531.jpg
220696,BA,dep.ivoneidecaetano@camara.leg.br,PT,https://www.camara.leg.br/internet/deputado/bandep/220696.jpg
220670,PE,dep.izaarruda@camara.leg.br,MDB,https://www.camara.leg.br/internet/deputado/bandep/220670.jpg
220527,ES,dep.jackrocha@camara.leg.br,PT,https://www.camara.leg.br/internet/deputado/bandep/220527.jpg
220697,PI,dep.jadyelalencar@camara.leg.br,PV,https://www.camara.leg.br/internet/deputado/bandep/220697.jpg
74848,RJ,dep.jandirafeghali@camara.leg.br,PCdoB,https://www.camara.leg.br/internet/deputado/bandep/74848.jpg
220567,GO,dep.jefersonrodrigues@camara.leg.br,REPUBLICANOS,https://www.camara.leg.br/internet/deputado/bandep/220567.jpg
74273,SP,dep.jeffersoncampos@camara.leg.br,PL,https://www.camara.leg.br/internet/deputado/bandep/74273.jpg
160531,RR,,REPUBLICANOS,https://www.camara.leg.br/internet/deputado/bandep/160531.jpg
141456,SP,dep.jilmartatto@camara.leg.br,PT,https://www.camara.leg.br/internet/deputado/bandep/141456.jpg
141458,BA,dep.joaocarlosbacelar@camara.leg.br,PL,https://www.camara.leg.br/internet/deputado/bandep/141458.jpg
230957,SP,dep.joaocury@camara.leg.br,MDB,https://www.camara.leg.br/internet/deputado/bandep/230957.jpg
178970,SE,dep.joaodaniel@camara.leg.br,PT,https://www.camara.leg.br/internet/deputado/bandep/178970.jpg
74550,BA,dep.joaoleao@camara.leg.br,PP,https://www.camara.leg.br/internet/deputado/bandep/74550.jpg
141459,RN,dep.joaomaia@camara.leg.br,PL,https://www.camara.leg.br/internet/deputado/bandep/141459.jpg
178910,PA,dep.joaquimpassarinho@camara.leg.br,PL,https://www.camara.leg.br/internet/deputado/bandep/178910.jpg
160548,SP,dep.jonasdonizette@camara.leg.br,PSB,https://www.camara.leg.br/internet/deputado/bandep/160548.jpg
217480,RJ,,PSD,https://www.camara.leg.br/internet/deputado/bandep/217480.jpg
205550,RJ,dep.jorgebraz@camara.leg.br,REPUBLICANOS,https://www.camara.leg.br/internet/deputado/bandep/205550.jpg
214694,SC,dep.jorgegoetten@camara.leg.br,PL,https://www.camara.leg.br/internet/deputado/bandep/214694.jpg
178857,BA,dep.jorgesolla@camara.leg.br,PT,https://www.camara.leg.br/internet/deputado/bandep/178857.jpg
141464,CE,dep.joseairtonfelixcirilo@camara.leg.br,PT,https://www.camara.leg.br/internet/deputado/bandep/141464.jpg
141470,CE,dep.joseguimaraes@camara.leg.br,PT,https://www.camara.leg.br/internet/deputado/bandep/141470.jpg
204472,MT,dep.josemedeiros@camara.leg.br,PL,https://www.camara.leg.br/internet/deputado/bandep/204472.jpg
204391,GO,dep.josenelto@camara.leg.br,PP,https://www.camara.leg.br/internet/deputado/bandep/204391.jpg
74079,PA,dep.josepriante@camara.leg.br,MDB,https://www.camara.leg.br/internet/deputado/bandep/74079.jpg
74554,BA,dep.joserocha@camara.leg.br,UNIÃO,https://www.camara.leg.br/internet/deputado/bandep/74554.jpg
209189,BA,dep.joseildoramos@camara.leg.br,PT,https://www.camara.leg.br/internet/deputado/bandep/209189.jpg
220578,AP,dep.josenildo@camara.leg.br,PDT,https://www.camara.leg.br/internet/deputado/bandep/220578.jpg
74141,BA,dep.josiasgomes@camara.leg.br,PT,https://www.camara.leg.br/internet/deputado/bandep/74141.jpg
204563,MA,dep.josimarmaranhaozinho@camara.leg.br,PL,https://www.camara.leg.br/internet/deputado/bandep/204563.jpg
215043,MA,dep.josivaldojp@camara.leg.br,PSD,https://www.camara.leg.br/internet/deputado/bandep/215043.jpg
204474,MT,dep.juarezcosta@camara.leg.br,MDB,https://www.camara.leg.br/internet/deputado/bandep/204474.jpg
220559,SC,dep.juliazanatta@camara.leg.br,PL,https://www.camara.leg.br/internet/deputado/bandep/220559.jpg
220640,SP,dep.julianacardoso@camara.leg.br,PT,https://www.camara.leg.br/internet/deputado/bandep/220640.jpg
228837,MT,,MDB,https://www.camara.leg.br/internet/deputado/bandep/228837.jpg
66385,PI,dep.julioarcoverde@camara.leg.br,PP,https://www.camara.leg.br/internet/deputado/bandep/66385.jpg
74317,PI,dep.juliocesar@camara.leg.br,PSD,https://www.camara.leg.br/internet/deputado/bandep/74317.jpg
204372,DF,dep.juliocesarribeiro@camara.leg.br,REPUBLICANOS,https://www.camara.leg.br/internet/deputado/bandep/204372.jpg
74253,RJ,dep.juliolopes@camara.leg.br,PP,https://www.camara.leg.br/internet/deputado/bandep/74253.jpg
228797,TO,,PP,https://www.camara.leg.br/internet/deputado/bandep/228797.jpg
204457,RJ,dep.juninhodopneu@camara.leg.br,UNIÃO,https://www.camara.leg.br/internet/deputado/bandep/204457.jpg
204520,MG,dep.junioamaral@camara.leg.br,PL,https://www.camara.leg.br/internet/deputado/bandep/204520.jpg
204497,PA,dep.juniorferrari@camara.leg.br,PSD,https://www.camara.leg.br/internet/deputado/bandep/204497.jpg
204574,MA,dep.juniorlourenco@camara.leg.br,PL,https://www.camara.leg.br/internet/deputado/bandep/204574.jpg
204550,CE,dep.juniormano@camara.leg.br,PL,https://www.camara.leg.br/internet/deputado/bandep/204550.jpg
178886,MA,,UNIÃO,https://www.camara.leg.br/internet/deputado/bandep/178886.jpg
220677,PA,dep.kenistonbraga@camara.leg.br,MDB,https://www.camara.leg.br/internet/deputado/bandep/220677.jpg
162067,SP,dep.kikoceleguim@camara.leg.br,PT,https://www.camara.leg.br/internet/deputado/bandep/162067.jpg
204536,SP,dep.kimkataguiri@camara.leg.br,UNIÃO,https://www.camara.leg.br/internet/deputado/bandep/204536.jpg
98057,MG,dep.lafayettedeandrada@camara.leg.br,REPUBLICANOS,https://www.camara.leg.br/internet/deputado/bandep/98057.jpg
74856,RJ,dep.lauracarneiro@camara.leg.br,PSD,https://www.camara.leg.br/internet/deputado/bandep/74856.jpg
141480,TO,dep.lazarobotelho@camara.leg.br,PP,https://www.camara.leg.br/internet/deputado/bandep/141480.jpg
178832,PR,,PSD,https://www.camara.leg.br/internet/deputado/bandep/178832.jpg
220600,RO,dep.lebrao@camara.leg.br,UNIÃO,https://www.camara.leg.br/internet/deputado/bandep/220600.jpg
220566,GO,dep.ledaborges@camara.leg.br,PSDB,https://www.camara.leg.br/internet/deputado/bandep/220566.jpg
80815,BA,dep.leoprates@camara.leg.br,PDT,https://www.camara.leg.br/internet/deputado/bandep/80815.jpg
122195,PB,,PSC,https://www.camara.leg.br/internet/deputado/bandep/122195.jpg
74156,MG,dep.leonardomonteiro@camara.leg.br,PT,https://www.camara.leg.br/internet/deputado/bandep/74156.jpg
74299,CE,dep.leonidascristino@camara.leg.br,PDT,https://www.camara.leg.br/internet/deputado/bandep/74299.jpg
92102,BA,dep.leurlomantojunior@camara.leg.br,UNIÃO,https://www.camara.leg.br/internet/deputado/bandep/92102.jpg
139285,BA,dep.lidicedamata@camara.leg.br,PSB,https://www.camara.leg.br/internet/deputado/bandep/139285.jpg
74585,MG,dep.lincolnportela@camara.leg.br,PL,https://www.camara.leg.br/internet/deputado/bandep/74585.jpg
74858,RJ,dep.lindberghfarias@camara.leg.br,PT,https://www.camara.leg.br/internet/deputado/bandep/74858.jpg
171139,SP,,SOLIDARIEDADE,https://www.camara.leg.br/internet/deputado/bandep/171139.jpg
220662,PE,dep.lucasramos@camara.leg.br,PSB,https://www.camara.leg.br/internet/deputado/bandep/220662.jpg
204404,RS,dep.lucasredecker@camara.leg.br,PSDB,https://www.camara.leg.br/internet/deputado/bandep/204404.jpg
138286,PR,dep.lucianoalves@camara.leg.br,PSD,https://www.camara.leg.br/internet/deputado/bandep/138286.jpg
220581,AL,dep.lucianoamaral@camara.leg.br,PV,https://www.camara.leg.br/internet/deputado/bandep/220581.jpg
103758,RS,,PSD,https://www.camara.leg.br/internet/deputado/bandep/103758.jpg
74478,PE,dep.lucianobivar@camara.leg.br,UNIÃO,https://www.camara.leg.br/internet/deputado/bandep/74478.jpg
178931,PR,dep.lucianoducci@camara.leg.br,PSB,https://www.camara.leg.br/internet/deputado/bandep/178931.jpg
227323,MA,,PL,https://www.camara.leg.br/internet/deputado/bandep/227323.jpg
220616,RJ,dep.lucianovieira@camara.leg.br,PL,https://www.camara.leg.br/internet/deputado/bandep/220616.jpg
178954,RO,dep.luciomosquini@camara.leg.br,MDB,https://www.camara.leg.br/internet/deputado/bandep/178954.jpg
229082,MA,,PDT,https://www.camara.leg.br/internet/deputado/bandep/229082.jpg
222429,RJ,dep.luiscarlosgomes@camara.leg.br,REPUBLICANOS,https://www.camara.leg.br/internet/deputado/bandep/222429.jpg
160510,MG,dep.luistibe@camara.leg.br,AVANTE,https://www.camara.leg.br/internet/deputado/bandep/160510.jpg
204410,PR,dep.luisacanziani@camara.leg.br,PSD,https://www.camara.leg.br/internet/deputado/bandep/204410.jpg
204448,RJ,,PP,https://www.camara.leg.br/internet/deputado/bandep/204448.jpg
141485,RS,dep.luizcarlosbusato@camara.leg.br,UNIÃO,https://www.camara.leg.br/internet/deputado/bandep/141485.jpg
73778,PR,dep.luizcarloshauly@camara.leg.br,PODE,https://www.camara.leg.br/internet/deputado/bandep/73778.jpg
204485,SP,dep.luizcarlosmotta@camara.leg.br,PL,https://www.camara.leg.br/internet/deputado/bandep/204485.jpg
74041,PB,dep.luizcouto@camara.leg.br,PT,https://www.camara.leg.br/internet/deputado/bandep/74041.jpg
141487,MG,dep.luizfernandofaria@camara.leg.br,PSD,https://www.camara.leg.br/internet/deputado/bandep/141487.jpg
229432,SC,,MDB,https://www.camara.leg.br/internet/deputado/bandep/229432.jpg
220658,CE,dep.luizgastao@camara.leg.br,PSD,https://www.camara.leg.br/internet/deputado/bandep/220658.jpg
204455,RJ,dep.luizlima@camara.leg.br,PL,https://www.camara.leg.br/internet/deputado/bandep/204455.jpg
220636,SP,,PT,https://www.camara.leg.br/internet/deputado/bandep/220636.jpg
162332,PR,dep.luiznishimori@camara.leg.br,PSD,https://www.camara.leg.br/internet/deputado/bandep/162332.jpg
204526,SP,dep.luizphilippedeorleansebraganca@camara.leg.br,PL,https://www.camara.leg.br/internet/deputado/bandep/204526.jpg
74784,SP,dep.luizaerundina@camara.leg.br,PSOL,https://www.camara.leg.br/internet/deputado/bandep/74784.jpg
178866,CE,dep.luiziannelins@camara.leg.br,PT,https://www.camara.leg.br/internet/deputado/bandep/178866.jpg
220669,PE,dep.luladafonte@camara.leg.br,PP,https://www.camara.leg.br/internet/deputado/bandep/220669.jpg
166402,GO,dep.magdamofatto@camara.leg.br,PL,https://www.camara.leg.br/internet/deputado/bandep/166402.jpg
220648,SP,dep.marangoni@camara.leg.br,UNIÃO,https://www.camara.leg.br/internet/deputado/bandep/220648.jpg
156190,RS,dep.marcelvanhattem@camara.leg.br,NOVO,https://www.camara.leg.br/internet/deputado/bandep/156190.jpg
179000,MG,dep.marceloalvaroantonio@camara.leg.br,PL,https://www.camara.leg.br/internet/deputado/bandep/179000.jpg
204433,RJ,,PSD,https://www.camara.leg.br/internet/deputado/bandep/204433.jpg
220599,RJ,dep.marcelocrivella@camara.leg.br,REPUBLICANOS,https://www.camara.leg.br/internet/deputado/bandep/220599.jpg
220634,SP,,SOLIDARIEDADE,https://www.camara.leg.br/internet/deputado/bandep/220634.jpg
133810,RS,dep.marcelomoraes@camara.leg.br,PL,https://www.camara.leg.br/internet/deputado/bandep/133810.jpg
160161,RJ,dep.marceloqueiroz@camara.leg.br,PP,https://www.camara.leg.br/internet/deputado/bandep/160161.jpg
178983,SP,dep.marcioalvino@camara.leg.br,PL,https://www.camara.leg.br/internet/deputado/bandep/178983.jpg
179001,RS,dep.marciobiolchi@camara.leg.br,MDB,https://www.camara.leg.br/internet/deputado/bandep/179001.jpg
226410,GO,,MDB,https://www.camara.leg.br/internet/deputado/bandep/226410.jpg
220687,MA,dep.marciohonaiser@camara.leg.br,PDT,https://www.camara.leg.br/internet/deputado/bandep/220687.jpg
81055,MA,dep.marciojerry@camara.leg.br,PCdoB,https://www.camara.leg.br/internet/deputado/bandep/81055.jpg
150418,BA,dep.marciomarinho@camara.leg.br,REPUBLICANOS,https://www.camara.leg.br/internet/deputado/bandep/150418.jpg
204522,SP,,PSD,https://www.camara.leg.br/internet/deputado/bandep/204522.jpg
219585,PR,dep.marcobrasil@camara.leg.br,PP,https://www.camara.leg.br/internet/deputado/bandep/219585.jpg
160535,RS,dep.marcon@camara.leg.br,PT,https://www.camara.leg.br/internet/deputado/bandep/160535.jpg
204431,PI,dep.marcosaureliosampaio@camara.leg.br,PSD,https://www.camara.leg.br/internet/deputado/bandep/204431.jpg
204506,SP,dep.marcospereira@camara.leg.br,REPUBLICANOS,https://www.camara.leg.br/internet/deputado/bandep/204506.jpg
220547,MS,dep.marcospollon@camara.leg.br,PL,https://www.camara.leg.br/internet/deputado/bandep/220547.jpg
178943,RJ,dep.marcossoares@camara.leg.br,UNIÃO,https://www.camara.leg.br/internet/deputado/bandep/178943.jpg
220604,RJ,dep.marcostavares@camara.leg.br,PDT,https://www.camara.leg.br/internet/deputado/bandep/220604.jpg
220668,PE,dep.mariaarraes@camara.leg.br,SOLIDARIEDADE,https://www.camara.leg.br/internet/deputado/bandep/220668.jpg
74398,RS,dep.mariadorosario@camara.leg.br,PT,https://www.camara.leg.br/internet/deputado/bandep/74398.jpg
204540,SP,dep.mariarosas@camara.leg.br,REPUBLICANOS,https://www.camara.leg.br/internet/deputado/bandep/204540.jpg
227275,MA,,PSC,https://www.camara.leg.br/internet/deputado/bandep/227275.jpg
220637,SP,,REDE,https://www.camara.leg.br/internet/deputado/bandep/220637.jpg
220655,SP,dep.mariofrias@camara.leg.br,PL,https://www.camara.leg.br/internet/deputado/bandep/220655.jpg
74158,MG,dep.marioheringer@camara.leg.br,PDT,https://www.camara.leg.br/internet/deputado/bandep/74158.jpg
178858,BA,dep.marionegromontejr@camara.leg.br,PP,https://www.camara.leg.br/internet/deputado/bandep/178858.jpg
204566,MA,dep.marrecafilho@camara.leg.br,PATRIOTA,https://www.camara.leg.br/internet/deputado/bandep/204566.jpg
220572,GO,dep.marussaboldrin@camara.leg.br,MDB,https://www.camara.leg.br/internet/deputado/bandep/220572.jpg
178843,AL,dep.marxbeltrao@camara.leg.br,PP,https://www.camara.leg.br/internet/deputado/bandep/178843.jpg
220661,CE,dep.matheusnoronha@camara.leg.br,PL,https://www.camara.leg.br/internet/deputado/bandep/220661.jpg
220609,RO,dep.mauriciocarvalho@camara.leg.br,UNIÃO,https://www.camara.leg.br/internet/deputado/bandep/220609.jpg
220628,MG,dep.mauriciodovolei@camara.leg.br,PL,https://www.camara.leg.br/internet/deputado/bandep/220628.jpg
220550,RS,dep.mauriciomarcon@camara.leg.br,PODE,https://www.camara.leg.br/internet/deputado/bandep/220550.jpg
220647,SP,dep.mauricioneves@camara.leg.br,PP,https://www.camara.leg.br/internet/deputado/bandep/220647.jpg
204486,CE,dep.maurobenevidesfilho@camara.leg.br,PDT,https://www.camara.leg.br/internet/deputado/bandep/204486.jpg
220607,RJ,dep.maxlemos@camara.leg.br,PROS,https://www.camara.leg.br/internet/deputado/bandep/220607.jpg
220591,AC,dep.meireserafim@camara.leg.br,UNIÃO,https://www.camara.leg.br/internet/deputado/bandep/220591.jpg
74428,PE,dep.mendoncafilho@camara.leg.br,UNIÃO,https://www.camara.leg.br/internet/deputado/bandep/74428.jpg
188097,PI,dep.merlongsolano@camara.leg.br,PT,https://www.camara.leg.br/internet/deputado/bandep/188097.jpg
220585,PB,dep.mersinholucena@camara.leg.br,PP,https://www.camara.leg.br/internet/deputado/bandep/220585.jpg
220530,ES,dep.messiasdonato@camara.leg.br,REPUBLICANOS,https://www.camara.leg.br/internet/deputado/bandep/220530.jpg
171786,MG,dep.miguelangelo@camara.leg.br,PT,https://www.camara.leg.br/internet/deputado/bandep/171786.jpg
178985,SP,dep.miguellombardi@camara.leg.br,PL,https://www.camara.leg.br/internet/deputado/bandep/178985.jpg
154178,SP,,REPUBLICANOS,https://www.camara.leg.br/internet/deputado/bandep/154178.jpg
178895,MG,dep.misaelvarella@camara.leg.br,PSD,https://www.camara.leg.br/internet/deputado/bandep/178895.jpg
229225,PE,,PP,https://www.camara.leg.br/internet/deputado/bandep/229225.jpg
178997,CE,dep.mosesrodrigues@camara.leg.br,UNIÃO,https://www.camara.leg.br/internet/deputado/bandep/178997.jpg
220617,RJ,dep.murillogouvea@camara.leg.br,UNIÃO,https://www.camara.leg.br/internet/deputado/bandep/220617.jpg
220584,PB,dep.murilogaldino@camara.leg.br,REPUBLICANOS,https://www.camara.leg.br/internet/deputado/bandep/220584.jpg
204453,RN,dep.nataliabonavides@camara.leg.br,PT,https://www.camara.leg.br/internet/deputado/bandep/204453.jpg
228042,CE,,PSD,https://www.camara.leg.br/internet/deputado/bandep/228042.jpg
204449,MT,dep.nelsonbarbudo@camara.leg.br,PL,https://www.camara.leg.br/internet/deputado/bandep/204449.jpg
220622,MG,dep.nelyaquino@camara.leg.br,PODE,https://www.camara.leg.br/internet/deputado/bandep/220622.jpg
220703,BA,dep.netocarletto@camara.leg.br,PP,https://www.camara.leg.br/internet/deputado/bandep/220703.jpg
229939,PR,,UNIÃO,https://www.camara.leg.br/internet/deputado/bandep/229939.jpg
178896,MG,dep.newtoncardosojr@camara.leg.br,MDB,https://www.camara.leg.br/internet/deputado/bandep/178896.jpg
204479,RR,dep.nicoletti@camara.leg.br,UNIÃO,https://www.camara.leg.br/internet/deputado/bandep/204479.jpg
209787,MG,dep.nikolasferreira@camara.leg.br,PL,https://www.camara.leg.br/internet/deputado/bandep/209787.jpg
178986,SP,dep.niltotatto@camara.leg.br,PT,https://www.camara.leg.br/internet/deputado/bandep/178986.jpg
227660,SE,dep.nitinho@camara.leg.br,PSD,https://www.camara.leg.br/internet/deputado/bandep/227660.jpg
74159,MG,dep.odaircunha@camara.leg.br,PT,https://www.camara.leg.br/internet/deputado/bandep/74159.jpg
204498,PA,dep.olivalmarques@camara.leg.br,MDB,https://www.camara.leg.br/internet/deputado/bandep/204498.jpg
178987,SP,dep.orlandosilva@camara.leg.br,PCdoB,https://www.camara.leg.br/internet/deputado/bandep/178987.jpg
73692,RS,dep.osmarterra@camara.leg.br,MDB,https://www.camara.leg.br/internet/deputado/bandep/73692.jpg
204422,PE,dep.ossesiosilva@camara.leg.br,REPUBLICANOS,https://www.camara.leg.br/internet/deputado/bandep/204422.jpg
204441,RJ,dep.otonidepaula@camara.leg.br,MDB,https://www.camara.leg.br/internet/deputado/bandep/204441.jpg
204573,BA,dep.ottoalencarfilho@camara.leg.br,PSD,https://www.camara.leg.br/internet/deputado/bandep/204573.jpg
220706,PR,dep.padovani@camara.leg.br,UNIÃO,https://www.camara.leg.br/internet/deputado/bandep/220706.jpg
160556,MG,dep.padrejoao@camara.leg.br,PT,https://www.camara.leg.br/internet/deputado/bandep/160556.jpg
230762,PA,dep.pastorclaudiomariano@camara.leg.br,UNIÃO,https://www.camara.leg.br/internet/deputado/bandep/230762.jpg
180214,RR,dep.pastordiniz@camara.leg.br,UNIÃO,https://www.camara.leg.br/internet/deputado/bandep/180214.jpg
160642,PE,dep.pastoreurico@camara.leg.br,PL,https://www.camara.leg.br/internet/deputado/bandep/160642.jpg
204570,MA,dep.pastorgil@camara.leg.br,PL,https://www.camara.leg.br/internet/deputado/bandep/204570.jpg
220615,RJ,dep.pastorhenriquevieira@camara.leg.br,PSOL,https://www.camara.leg.br/internet/deputado/bandep/220615.jpg
204553,BA,dep.pastorsargentoisidorio@camara.leg.br,AVANTE,https://www.camara.leg.br/internet/deputado/bandep/204553.jpg
74160,MG,dep.patrusananias@camara.leg.br,PT,https://www.camara.leg.br/internet/deputado/bandep/74160.jpg
74095,AM,dep.pauderneyavelino@camara.leg.br,UNIÃO,https://www.camara.leg.br/internet/deputado/bandep/74095.jpg
171617,AL,dep.paulao@camara.leg.br,PT,https://www.camara.leg.br/internet/deputado/bandep/171617.jpg
141518,SP,dep.paulinhodaforca@camara.leg.br,SOLIDARIEDADE,https://www.camara.leg.br/internet/deputado/bandep/141518.jpg
220627,RN,,UNIÃO,https://www.camara.leg.br/internet/deputado/bandep/220627.jpg
141516,MG,dep.pauloabiackel@camara.leg.br,PSDB,https://www.camara.leg.br/internet/deputado/bandep/141516.jpg
220650,SP,dep.pauloalexandrebarbosa@camara.leg.br,PSDB,https://www.camara.leg.br/internet/deputado/bandep/220650.jpg
178860,BA,dep.pauloazi@camara.leg.br,UNIÃO,https://www.camara.leg.br/internet/deputado/bandep/178860.jpg
160517,ES,dep.paulofolletto@camara.leg.br,PSB,https://www.camara.leg.br/internet/deputado/bandep/160517.jpg
160558,SP,dep.paulofreirecosta@camara.leg.br,PL,https://www.camara.leg.br/internet/deputado/bandep/160558.jpg
204492,MG,dep.pauloguedes@camara.leg.br,PT,https://www.camara.leg.br/internet/deputado/bandep/204492.jpg
220685,PR,dep.paulolitro@camara.leg.br,PSD,https://www.camara.leg.br/internet/deputado/bandep/220685.jpg
74574,BA,dep.paulomagalhaes@camara.leg.br,PSD,https://www.camara.leg.br/internet/deputado/bandep/74574.jpg
128760,MA,,PL,https://www.camara.leg.br/internet/deputado/bandep/128760.jpg
74400,RS,dep.paulopimenta@camara.leg.br,PT,https://www.camara.leg.br/internet/deputado/bandep/74400.jpg
141488,SP,,PT,https://www.camara.leg.br/internet/deputado/bandep/141488.jpg
220630,MG,dep.pedroaihara@camara.leg.br,PATRIOTA,https://www.camara.leg.br/internet/deputado/bandep/220630.jpg
220667,PE,dep.pedrocampos@camara.leg.br,PSB,https://www.camara.leg.br/internet/deputado/bandep/220667.jpg
229112,TO,,PL,https://www.camara.leg.br/internet/deputado/bandep/229112.jpg
122974,MA,dep.pedrolucasfernandes@camara.leg.br,UNIÃO,https://www.camara.leg.br/internet/deputado/bandep/122974.jpg
204395,PR,dep.pedrolupion@camara.leg.br,PP,https://www.camara.leg.br/internet/deputado/bandep/204395.jpg
122158,RJ,dep.pedropaulo@camara.leg.br,PSD,https://www.camara.leg.br/internet/deputado/bandep/122158.jpg
229259,SP,,PT,https://www.camara.leg.br/internet/deputado/bandep/229259.jpg
160604,SC,dep.pedrouczai@camara.leg.br,PT,https://www.camara.leg.br/internet/deputado/bandep/160604.jpg
204406,RS,dep.pedrowestphalen@camara.leg.br,PP,https://www.camara.leg.br/internet/deputado/bandep/204406.jpg
161440,SC,dep.pezenti@camara.leg.br,MDB,https://www.camara.leg.br/internet/deputado/bandep/161440.jpg
204524,MG,dep.pinheirinho@camara.leg.br,PP,https://www.camara.leg.br/internet/deputado/bandep/204524.jpg
73486,RS,dep.pompeodemattos@camara.leg.br,PDT,https://www.camara.leg.br/internet/deputado/bandep/73486.jpg
160601,SP,dep.pr.marcofeliciano@camara.leg.br,PL,https://www.camara.leg.br/internet/deputado/bandep/160601.jpg
226075,CE,,PL,https://www.camara.leg.br/internet/deputado/bandep/226075.jpg
89536,DF,,REPUBLICANOS,https://www.camara.leg.br/internet/deputado/bandep/89536.jpg
220533,DF,dep.prof.reginaldoveras@camara.leg.br,PV,https://www.camara.leg.br/internet/deputado/bandep/220533.jpg
204390,GO,dep.professoralcides@camara.leg.br,PL,https://www.camara.leg.br/internet/deputado/bandep/204390.jpg
220580,AP,dep.professoragoreth@camara.leg.br,PDT,https://www.camara.leg.br/internet/deputado/bandep/220580.jpg
221338,SP,dep.professoralucienecavalcante@camara.leg.br,PSOL,https://www.camara.leg.br/internet/deputado/bandep/221338.jpg
220586,AL,dep.rafaelbrito@camara.leg.br,MDB,https://www.camara.leg.br/internet/deputado/bandep/220586.jpg
220532,DF,dep.rafaelprudente@camara.leg.br,MDB,https://www.camara.leg.br/internet/deputado/bandep/220532.jpg
220626,MG,dep.rafaelsimoes@camara.leg.br,UNIÃO,https://www.camara.leg.br/internet/deputado/bandep/220626.jpg
204567,BA,dep.raimundocosta@camara.leg.br,PODE,https://www.camara.leg.br/internet/deputado/bandep/204567.jpg
74084,PA,dep.raimundosantos@camara.leg.br,PSD,https://www.camara.leg.br/internet/deputado/bandep/74084.jpg
115200,PB,,REPUBLICANOS,https://www.camara.leg.br/internet/deputado/bandep/115200.jpg
74161,MG,dep.reginaldolopes@camara.leg.br,PT,https://www.camara.leg.br/internet/deputado/bandep/74161.jpg
221378,RS,,PT,https://www.camara.leg.br/internet/deputado/bandep/221378.jpg
220606,RJ,dep.reimont@camara.leg.br,PT,https://www.camara.leg.br/internet/deputado/bandep/220606.jpg
205865,PR,dep.reinholdstephanes@camara.leg.br,PSD,https://www.camara.leg.br/internet/deputado/bandep/205865.jpg
225386,RJ,,PSD,https://www.camara.leg.br/internet/deputado/bandep/225386.jpg
178989,SP,dep.renataabreu@camara.leg.br,PODE,https://www.camara.leg.br/internet/deputado/bandep/178989.jpg
153423,PA,dep.renilcenicodemos@camara.leg.br,MDB,https://www.camara.leg.br/internet/deputado/bandep/153423.jpg
73801,PE,dep.renildocalheiros@camara.leg.br,PCdoB,https://www.camara.leg.br/internet/deputado/bandep/73801.jpg
175765,SP,dep.ribamarsilva@camara.leg.br,PSD,https://www.camara.leg.br/internet/deputado/bandep/175765.jpg
221329,RJ,,UNIÃO,https://www.camara.leg.br/internet/deputado/bandep/221329.jpg
220543,TO,dep.ricardoayres@camara.leg.br,REPUBLICANOS,https://www.camara.leg.br/internet/deputado/bandep/220543.jpg
73788,PR,,PP,https://www.camara.leg.br/internet/deputado/bandep/73788.jpg
204362,SC,dep.ricardoguidi@camara.leg.br,PSD,https://www.camara.leg.br/internet/deputado/bandep/204362.jpg
220694,BA,dep.ricardomaia@camara.leg.br,MDB,https://www.camara.leg.br/internet/deputado/bandep/220694.jpg
220633,SP,dep.ricardosalles@camara.leg.br,PL,https://www.camara.leg.br/internet/deputado/bandep/220633.jpg
213274,SP,,PSD,https://www.camara.leg.br/internet/deputado/bandep/213274.jpg
204489,CE,dep.roberiomonteiro@camara.leg.br,PDT,https://www.camara.leg.br/internet/deputado/bandep/204489.jpg
220693,BA,dep.robertaroma@camara.leg.br,PL,https://www.camara.leg.br/internet/deputado/bandep/220693.jpg
220588,AC,dep.robertoduarte@camara.leg.br,REPUBLICANOS,https://www.camara.leg.br/internet/deputado/bandep/220588.jpg
220613,RJ,dep.robertomonteiropai@camara.leg.br,PL,https://www.camara.leg.br/internet/deputado/bandep/220613.jpg
220624,RN,dep.robinsonfaria@camara.leg.br,PL,https://www.camara.leg.br/internet/deputado/bandep/220624.jpg
220546,MS,dep.rodolfonogueira@camara.leg.br,PL,https://www.camara.leg.br/internet/deputado/bandep/220546.jpg
230767,MT,dep.rodrigodazaeli@camara.leg.br,PL,https://www.camara.leg.br/internet/deputado/bandep/230767.jpg
141531,MG,dep.rodrigodecastro@camara.leg.br,UNIÃO,https://www.camara.leg.br/internet/deputado/bandep/141531.jpg
223128,PR,dep.rodrigoestacho@camara.leg.br,PSD,https://www.camara.leg.br/internet/deputado/bandep/223128.jpg
220641,SP,dep.rodrigogambale@camara.leg.br,PODE,https://www.camara.leg.br/internet/deputado/bandep/220641.jpg
165470,SE,dep.rodrigovaladares@camara.leg.br,UNIÃO,https://www.camara.leg.br/internet/deputado/bandep/165470.jpg
220695,BA,dep.rogeriasantos@camara.leg.br,REPUBLICANOS,https://www.camara.leg.br/internet/deputado/bandep/220695.jpg
204480,MG,dep.rogeriocorreia@camara.leg.br,PT,https://www.camara.leg.br/internet/deputado/bandep/204480.jpg
160629,PB,dep.romerorodrigues@camara.leg.br,PSC,https://www.camara.leg.br/internet/deputado/bandep/160629.jpg
163321,RS,dep.ronaldonogueira@camara.leg.br,REPUBLICANOS,https://www.camara.leg.br/internet/deputado/bandep/163321.jpg
204525,SP,dep.rosanavalle@camara.leg.br,PL,https://www.camara.leg.br/internet/deputado/bandep/204525.jpg
178945,RJ,,REPUBLICANOS,https://www.camara.leg.br/internet/deputado/bandep/178945.jpg
220644,SP,dep.rosangelamoro@camara.leg.br,UNIÃO,https://www.camara.leg.br/internet/deputado/bandep/220644.jpg
220620,MG,dep.rosangelareis@camara.leg.br,PL,https://www.camara.leg.br/internet/deputado/bandep/220620.jpg
73806,MA,,MDB,https://www.camara.leg.br/internet/deputado/bandep/73806.jpg
74371,GO,dep.rubensotoni@camara.leg.br,PT,https://www.camara.leg.br/internet/deputado/bandep/74371.jpg
178887,MA,dep.rubenspereirajunior@camara.leg.br,PT,https://www.camara.leg.br/internet/deputado/bandep/178887.jpg
73604,SP,dep.ruifalcao@camara.leg.br,PT,https://www.camara.leg.br/internet/deputado/bandep/73604.jpg
160635,PB,dep.ruycarneiro@camara.leg.br,PSC,https://www.camara.leg.br/internet/deputado/bandep/160635.jpg
204535,SP,dep.samiabomfim@camara.leg.br,PSOL,https://www.camara.leg.br/internet/deputado/bandep/204535.jpg
220631,MG,dep.samuelviana@camara.leg.br,PL,https://www.camara.leg.br/internet/deputado/bandep/220631.jpg
204416,RS,dep.sanderson@camara.leg.br,PL,https://www.camara.leg.br/internet/deputado/bandep/204416.jpg
160621,PR,,PSD,https://www.camara.leg.br/internet/deputado/bandep/160621.jpg
204387,PR,dep.sargentofahur@camara.leg.br,PSD,https://www.camara.leg.br/internet/deputado/bandep/204387.jpg
220621,RN,dep.sargentogoncalves@camara.leg.br,PL,https://www.camara.leg.br/internet/deputado/bandep/220621.jpg
220618,RJ,dep.sargentoportugal@camara.leg.br,PODE,https://www.camara.leg.br/internet/deputado/bandep/220618.jpg
220713,AM,,UNIÃO,https://www.camara.leg.br/internet/deputado/bandep/220713.jpg
226837,SP,dep.saulopedroso@camara.leg.br,PSD,https://www.camara.leg.br/internet/deputado/bandep/226837.jpg
73808,BA,,PSD,https://www.camara.leg.br/internet/deputado/bandep/73808.jpg
178933,PR,dep.sergiosouza@camara.leg.br,MDB,https://www.camara.leg.br/internet/deputado/bandep/178933.jpg
204557,AM,dep.sidneyleite@camara.leg.br,PSD,https://www.camara.leg.br/internet/deputado/bandep/204557.jpg
74356,AM,dep.silascamara@camara.leg.br,REPUBLICANOS,https://www.camara.leg.br/internet/deputado/bandep/74356.jpg
204360,RO,dep.silviacristina@camara.leg.br,PL,https://www.camara.leg.br/internet/deputado/bandep/204360.jpg
220579,AP,dep.silviawaiapi@camara.leg.br,PL,https://www.camara.leg.br/internet/deputado/bandep/220579.jpg
227310,MA,,PL,https://www.camara.leg.br/internet/deputado/bandep/227310.jpg
204425,PE,,REPUBLICANOS,https://www.camara.leg.br/internet/deputado/bandep/204425.jpg
220569,GO,dep.silvyealves@camara.leg.br,UNIÃO,https://www.camara.leg.br/internet/deputado/bandep/220569.jpg
220651,SP,dep.simonemarquetto@camara.leg.br,MDB,https://www.camara.leg.br/internet/deputado/bandep/220651.jpg
104552,AC,dep.socorroneri@camara.leg.br,PP,https://www.camara.leg.br/internet/deputado/bandep/104552.jpg
220643,SP,,PSOL,https://www.camara.leg.br/internet/deputado/bandep/220643.jpg
220575,AP,dep.sonizebarbosa@camara.leg.br,PL,https://www.camara.leg.br/internet/deputado/bandep/220575.jpg
178946,RJ,dep.sorayasantos@camara.leg.br,PL,https://www.camara.leg.br/internet/deputado/bandep/178946.jpg
178947,RJ,dep.sostenescavalcante@camara.leg.br,PL,https://www.camara.leg.br/internet/deputado/bandep/178947.jpg
92776,MG,dep.stefanoaguiar@camara.leg.br,PSD,https://www.camara.leg.br/internet/deputado/bandep/92776.jpg
204534,SP,dep.tabataamaral@camara.leg.br,PSB,https://www.camara.leg.br/internet/deputado/bandep/204534.jpg
230177,CE,,PL,https://www.camara.leg.br/internet/deputado/bandep/230177.jpg
220682,PR,dep.tadeuveneri@camara.leg.br,PT,https://www.camara.leg.br/internet/deputado/bandep/220682.jpg
204464,RJ,dep.taliriapetrone@camara.leg.br,PSOL,https://www.camara.leg.br/internet/deputado/bandep/204464.jpg
220598,RJ,dep.tarcisiomotta@camara.leg.br,PSOL,https://www.camara.leg.br/internet/deputado/bandep/220598.jpg
220552,RS,dep.zucco@camara.leg.br,REPUBLICANOS,https://www.camara.leg.br/internet/deputado/bandep/220552.jpg
220560,SE,dep.thiagodejoaldo@camara.leg.br,PP,https://www.camara.leg.br/internet/deputado/bandep/220560.jpg
220597,RO,dep.thiagoflores@camara.leg.br,MDB,https://www.camara.leg.br/internet/deputado/bandep/220597.jpg
220684,PR,dep.tiaomedeiros@camara.leg.br,PP,https://www.camara.leg.br/internet/deputado/bandep/220684.jpg
160976,SP,dep.tiririca@camara.leg.br,PL,https://www.camara.leg.br/internet/deputado/bandep/160976.jpg
178934,PR,dep.toninhowandscheer@camara.leg.br,PROS,https://www.camara.leg.br/internet/deputado/bandep/178934.jpg
157130,PE,dep.tuliogadelha@camara.leg.br,REDE,https://www.camara.leg.br/internet/deputado/bandep/157130.jpg
223398,MG,,MDB,https://www.camara.leg.br/internet/deputado/bandep/223398.jpg
160610,BA,dep.valmirassuncao@camara.leg.br,PT,https://www.camara.leg.br/internet/deputado/bandep/160610.jpg
74376,MS,dep.vanderloubet@camara.leg.br,PT,https://www.camara.leg.br/internet/deputado/bandep/74376.jpg
204396,PR,dep.vermelho@camara.leg.br,PL,https://www.camara.leg.br/internet/deputado/bandep/204396.jpg
74283,SP,dep.vicentinho@camara.leg.br,PT,https://www.camara.leg.br/internet/deputado/bandep/74283.jpg
137070,TO,dep.vicentinhojunior@camara.leg.br,PP,https://www.camara.leg.br/internet/deputado/bandep/137070.jpg
141555,SP,dep.viniciuscarvalho@camara.leg.br,REPUBLICANOS,https://www.camara.leg.br/internet/deputado/bandep/141555.jpg
160591,AP,dep.viniciusgurgel@camara.leg.br,PL,https://www.camara.leg.br/internet/deputado/bandep/160591.jpg
178992,SP,dep.vitorlippi@camara.leg.br,PSDB,https://www.camara.leg.br/internet/deputado/bandep/178992.jpg
91228,PE,dep.waldemaroliveira@camara.leg.br,AVANTE,https://www.camara.leg.br/internet/deputado/bandep/91228.jpg
160569,BA,dep.waldenorpereira@camara.leg.br,PT,https://www.camara.leg.br/internet/deputado/bandep/160569.jpg
220601,RJ,,PT,https://www.camara.leg.br/internet/deputado/bandep/220601.jpg
160518,MG,dep.welitonprado@camara.leg.br,PROS,https://www.camara.leg.br/internet/deputado/bandep/160518.jpg
74043,PB,dep.wellingtonroberto@camara.leg.br,PL,https://www.camara.leg.br/internet/deputado/bandep/74043.jpg
224333,PR,dep.welter@camara.leg.br,PT,https://www.camara.leg.br/internet/deputado/bandep/224333.jpg
74044,PB,dep.wilsonsantiago@camara.leg.br,REPUBLICANOS,https://www.camara.leg.br/internet/deputado/bandep/74044.jpg
182146,MA,,PATRIOTA,https://www.camara.leg.br/internet/deputado/bandep/182146.jpg
220564,SE,dep.yandramoura@camara.leg.br,UNIÃO,https://www.camara.leg.br/internet/deputado/bandep/220564.jpg
220660,CE,dep.yurydoparedao@camara.leg.br,PL,https://www.camara.leg.br/internet/deputado/bandep/220660.jpg
230768,AC,dep.zeadriano@camara.leg.br,PP,https://www.camara.leg.br/internet/deputado/bandep/230768.jpg
220536,RR,dep.zeharoldocathedral@camara.leg.br,PSD,https://www.camara.leg.br/internet/deputado/bandep/220536.jpg
204559,BA,dep.zeneto@camara.leg.br,PT,https://www.camara.leg.br/internet/deputado/bandep/204559.jpg
160632,MG,dep.zesilva@camara.leg.br,SOLIDARIEDADE,https://www.camara.leg.br/internet/deputado/bandep/160632.jpg
220558,SC,dep.zetrovao@camara.leg.br,PL,https://www.camara.leg.br/internet/deputado/bandep/220558.jpg
204517,MG,dep.zevitor@camara.leg.br,PL,https://www.camara.leg.br/internet/deputado/bandep/204517.jpg
160592,PR,dep.zecadirceu@camara.leg.br,PT,https://www.camara.leg.br/internet/deputado/bandep/160592.jpg
220592,AC,dep.zezinhobarbary@camara.leg.br,PP,https://www.camara.leg.br/internet/deputado/bandep/220592.jpg
