deputy_id,name,party,state,email,photo_url,idLegislatura
220593,Abilio Brunini,PL,MT,,https://www.camara.leg.br/internet/deputado/bandep/220593.jpg,57
204379,Acácio Favacho,MDB,AP,dep.acaciofavacho@camara.leg.br,https://www.camara.leg.br/internet/deputado/bandep/204379.jpg,57
220714,Adail Filho,REPUBLICANOS,AM,dep.adailfilho@camara.leg.br,https://www.camara.leg.br/internet/deputado/bandep/220714.jpg,57
221328,Adilson Barroso,PL,SP,dep.adilsonbarroso@camara.leg.br,https://www.camara.leg.br/internet/deputado/bandep/221328.jpg,57
204560,Adolfo Viana,PSDB,BA,dep.adolfoviana@camara.leg.br,https://www.camara.leg.br/internet/deputado/bandep/204560.jpg,57
204528,Adriana Ventura,NOVO,SP,dep.adrianaventura@camara.leg.br,https://www.camara.leg.br/internet/deputado/bandep/204528.jpg,57
121948,Adriano do Baldy,PP,GO,dep.adrianodobaldy@camara.leg.br,https://www.camara.leg.br/internet/deputado/bandep/121948.jpg,57
74646,Aécio Neves,PSDB,MG,dep.aecioneves@camara.leg.br,https://www.camara.leg.br/internet/deputado/bandep/74646.jpg,57
160508,Afonso Florence,PT,BA,,https://www.camara.leg.br/internet/deputado/bandep/160508.jpg,57
136811,Afonso Hamm,PP,RS,dep.afonsohamm@camara.leg.br,https://www.camara.leg.br/internet/deputado/bandep/136811.jpg,57
178835,Afonso Motta,PDT,RS,dep.afonsomotta@camara.leg.br,https://www.camara.leg.br/internet/deputado/bandep/178835.jpg,57
160527,Aguinaldo Ribeiro,PP,PB,dep.aguinaldoribeiro@camara.leg.br,https://www.camara.leg.br/internet/deputado/bandep/160527.jpg,57
204495,Airton Faleiro,PT,PA,dep.airtonfaleiro@camara.leg.br,https://www.camara.leg.br/internet/deputado/bandep/204495.jpg,57
204549,AJ Albuquerque,PP,CE,dep.ajalbuquerque@camara.leg.br,https://www.camara.leg.br/internet/deputado/bandep/204549.jpg,57
73579,Alberto Fraga,PL,DF,dep.albertofraga@camara.leg.br,https://www.camara.leg.br/internet/deputado/bandep/73579.jpg,57
74696,Alberto Mourão,MDB,SP,,https://www.camara.leg.br/internet/deputado/bandep/74696.jpg,57
220538,Albuquerque,REPUBLICANOS,RR,dep.albuquerque@camara.leg.br,https://www.camara.leg.br/internet/deputado/bandep/220538.jpg,57
160559,Alceu Moreira,MDB,RS,dep.alceumoreira@camara.leg.br,https://www.camara.leg.br/internet/deputado/bandep/160559.jpg,57
204501,Alencar Santana,PT,SP,dep.alencarsantana@camara.leg.br,https://www.camara.leg.br/internet/deputado/bandep/204501.jpg,57
178972,Alex Manente,CIDADANIA,SP,dep.alexmanente@camara.leg.br,https://www.camara.leg.br/internet/deputado/bandep/178972.jpg,57
204571,Alex Santana,REPUBLICANOS,BA,dep.alexsantana@camara.leg.br,https://www.camara.leg.br/internet/deputado/bandep/204571.jpg,57
220542,Alexandre Guimarães,REPUBLICANOS,TO,dep.alexandreguimaraes@camara.leg.br,https://www.camara.leg.br/internet/deputado/bandep/220542.jpg,57
160545,Alexandre Leite,UNIÃO,SP,dep.alexandreleite@camara.leg.br,https://www.camara.leg.br/internet/deputado/bandep/160545.jpg,57
220554,Alexandre Lindenmeyer,PT,RS,dep.alexandrelindenmeyer@camara.leg.br,https://www.camara.leg.br/internet/deputado/bandep/220554.jpg,57
204503,Alexandre Padilha,PT,SP,,https://www.camara.leg.br/internet/deputado/bandep/204503.jpg,57
221148,Alfredinho,PT,SP,dep.alfredinho@camara.leg.br,https://www.camara.leg.br/internet/deputado/bandep/221148.jpg,57
220576,Alfredo Gaspar,UNIÃO,AL,dep.alfredogaspar@camara.leg.br,https://www.camara.leg.br/internet/deputado/bandep/220576.jpg,57
74057,Alice Portugal,PCdoB,BA,dep.aliceportugal@camara.leg.br,https://www.camara.leg.br/internet/deputado/bandep/74057.jpg,57
178927,Aliel Machado,PV,PR,dep.alielmachado@camara.leg.br,https://www.camara.leg.br/internet/deputado/bandep/178927.jpg,57
226708,Allan Garcês,PP,MA,dep.allangarces@camara.leg.br,https://www.camara.leg.br/internet/deputado/bandep/226708.jpg,57
178937,Altineu Côrtes,PL,RJ,dep.altineucortes@camara.leg.br,https://www.camara.leg.br/internet/deputado/bandep/178937.jpg,57
178881,Aluisio Mendes,PSC,MA,dep.aluisiomendes@camara.leg.br,https://www.camara.leg.br/internet/deputado/bandep/178881.jpg,57
220596,Amália Barros,PL,MT,,https://www.camara.leg.br/internet/deputado/bandep/220596.jpg,57
220707,Amanda Gentil,PP,MA,dep.amandagentil@camara.leg.br,https://www.camara.leg.br/internet/deputado/bandep/220707.jpg,57
204356,Amaro Neto,REPUBLICANOS,ES,dep.amaroneto@camara.leg.br,https://www.camara.leg.br/internet/deputado/bandep/204356.jpg,57
220715,Amom Mandel,CIDADANIA,AM,dep.amommandel@camara.leg.br,https://www.camara.leg.br/internet/deputado/bandep/220715.jpg,57
107970,Ana Paula Leão,PP,MG,dep.anapaulaleao@camara.leg.br,https://www.camara.leg.br/internet/deputado/bandep/107970.jpg,57
220556,Ana Paula Lima,PT,SC,dep.anapaulalima@camara.leg.br,https://www.camara.leg.br/internet/deputado/bandep/220556.jpg,57
220632,Ana Pimentel,PT,MG,dep.anapimentel@camara.leg.br,https://www.camara.leg.br/internet/deputado/bandep/220632.jpg,57
220657,André Fernandes,PL,CE,dep.andrefernandes@camara.leg.br,https://www.camara.leg.br/internet/deputado/bandep/220657.jpg,57
204423,André Ferreira,PL,PE,dep.andreferreira@camara.leg.br,https://www.camara.leg.br/internet/deputado/bandep/204423.jpg,57
133439,André Figueiredo,PDT,CE,dep.andrefigueiredo@camara.leg.br,https://www.camara.leg.br/internet/deputado/bandep/133439.jpg,57
178882,André Fufuca,PP,MA,,https://www.camara.leg.br/internet/deputado/bandep/178882.jpg,57
204515,André Janones,AVANTE,MG,dep.andrejanones@camara.leg.br,https://www.camara.leg.br/internet/deputado/bandep/204515.jpg,57
220676,Andreia Siqueira,MDB,PA,dep.andreiasiqueira@camara.leg.br,https://www.camara.leg.br/internet/deputado/bandep/220676.jpg,57
123756,Antônia Lúcia,REPUBLICANOS,AC,dep.antonialucia@camara.leg.br,https://www.camara.leg.br/internet/deputado/bandep/123756.jpg,57
220544,Antonio Andrade,REPUBLICANOS,TO,dep.antonioandrade@camara.leg.br,https://www.camara.leg.br/internet/deputado/bandep/220544.jpg,57
160553,Antonio Brito,PSD,BA,dep.antoniobrito@camara.leg.br,https://www.camara.leg.br/internet/deputado/bandep/160553.jpg,57
220638,Antonio Carlos Rodrigues,PL,SP,dep.antoniocarlosrodrigues@camara.leg.br,https://www.camara.leg.br/internet/deputado/bandep/220638.jpg,57
220675,Antônio Doido,MDB,PA,dep.antoniodoido@camara.leg.br,https://www.camara.leg.br/internet/deputado/bandep/220675.jpg,57
220549,Any Ortiz,CIDADANIA,RS,dep.anyortiz@camara.leg.br,https://www.camara.leg.br/internet/deputado/bandep/220549.jpg,57
73433,Arlindo Chinaglia,PT,SP,dep.arlindochinaglia@camara.leg.br,https://www.camara.leg.br/internet/deputado/bandep/73433.jpg,57
141391,Arnaldo Jardim,CIDADANIA,SP,dep.arnaldojardim@camara.leg.br,https://www.camara.leg.br/internet/deputado/bandep/141391.jpg,57
160541,Arthur Lira,PP,AL,dep.arthurlira@camara.leg.br,https://www.camara.leg.br/internet/deputado/bandep/160541.jpg,57
160600,Arthur Oliveira Maia,UNIÃO,BA,dep.arthuroliveiramaia@camara.leg.br,https://www.camara.leg.br/internet/deputado/bandep/160600.jpg,57
74090,Átila Lins,PSD,AM,dep.atilalins@camara.leg.br,https://www.camara.leg.br/internet/deputado/bandep/74090.jpg,57
123086,Átila Lira,PP,PI,dep.atilalira@camara.leg.br,https://www.camara.leg.br/internet/deputado/bandep/123086.jpg,57
160665,Augusto Coutinho,REPUBLICANOS,PE,dep.augustocoutinho@camara.leg.br,https://www.camara.leg.br/internet/deputado/bandep/160665.jpg,57
220577,Augusto Pupio,MDB,AP,dep.augustopuppio@camara.leg.br,https://www.camara.leg.br/internet/deputado/bandep/220577.jpg,57
160512,Aureo Ribeiro,SOLIDARIEDADE,RJ,dep.aureoribeiro@camara.leg.br,https://www.camara.leg.br/internet/deputado/bandep/160512.jpg,57
69871,Bacelar,PV,BA,dep.bacelar@camara.leg.br,https://www.camara.leg.br/internet/deputado/bandep/69871.jpg,57
178975,Baleia Rossi,MDB,SP,dep.baleiarossi@camara.leg.br,https://www.camara.leg.br/internet/deputado/bandep/178975.jpg,57
220605,Bandeira de Mello,PSB,RJ,dep.bandeirademello@camara.leg.br,https://www.camara.leg.br/internet/deputado/bandep/220605.jpg,57
220612,Bebeto,PTB,RJ,dep.bebeto@camara.leg.br,https://www.camara.leg.br/internet/deputado/bandep/220612.jpg,57
73701,Benedita da Silva,PT,RJ,dep.beneditadasilva@camara.leg.br,https://www.camara.leg.br/internet/deputado/bandep/73701.jpg,57
109429,Benes Leocádio,UNIÃO,RN,dep.benesleocadio@camara.leg.br,https://www.camara.leg.br/internet/deputado/bandep/109429.jpg,57
204358,Beto Pereira,PSDB,MS,dep.betopereira@camara.leg.br,https://www.camara.leg.br/internet/deputado/bandep/204358.jpg,57
220698,Beto Preto,PSD,PR,,https://www.camara.leg.br/internet/deputado/bandep/220698.jpg,57
220683,Beto Richa,PSDB,PR,dep.betoricha@camara.leg.br,https://www.camara.leg.br/internet/deputado/bandep/220683.jpg,57
204374,Bia Kicis,PL,DF,dep.biakicis@camara.leg.br,https://www.camara.leg.br/internet/deputado/bandep/204374.jpg,57
204388,Bibo Nunes,PL,RS,dep.bibonunes@camara.leg.br,https://www.camara.leg.br/internet/deputado/bandep/204388.jpg,57
160538,Bohn Gass,PT,RS,dep.bohngass@camara.leg.br,https://www.camara.leg.br/internet/deputado/bandep/160538.jpg,57
74052,Bosco Costa,PL,SE,,https://www.camara.leg.br/internet/deputado/bandep/74052.jpg,57
210989,Bruno Farias,AVANTE,MG,dep.brunofarias@camara.leg.br,https://www.camara.leg.br/internet/deputado/bandep/210989.jpg,57
220635,Bruno Ganem,PODE,SP,dep.brunoganem@camara.leg.br,https://www.camara.leg.br/internet/deputado/bandep/220635.jpg,57
220574,Cabo Gilberto Silva,PL,PB,dep.cabogilbertosilva@camara.leg.br,https://www.camara.leg.br/internet/deputado/bandep/220574.jpg,57
143942,Caio Vianna,PSD,RJ,,https://www.camara.leg.br/internet/deputado/bandep/143942.jpg,57
220548,Camila Jara,PT,MS,dep.camilajara@camara.leg.br,https://www.camara.leg.br/internet/deputado/bandep/220548.jpg,57
204572,Capitão Alberto Neto,PL,AM,dep.capitaoalbertoneto@camara.leg.br,https://www.camara.leg.br/internet/deputado/bandep/204572.jpg,57
220690,Capitão Alden,PL,BA,dep.capitaoalden@camara.leg.br,https://www.camara.leg.br/internet/deputado/bandep/220690.jpg,57
178829,Capitão Augusto,PL,SP,dep.capitaoaugusto@camara.leg.br,https://www.camara.leg.br/internet/deputado/bandep/178829.jpg,57
229069,Capitão Samuel,PP,SE,,https://www.camara.leg.br/internet/deputado/bandep/229069.jpg,57
229106,Carla Ayres,PT,SC,,https://www.camara.leg.br/internet/deputado/bandep/229106.jpg,57
213762,Carla Dickson,UNIÃO,RN,dep.carladickson@camara.leg.br,https://www.camara.leg.br/internet/deputado/bandep/213762.jpg,57
204507,Carla Zambelli,PL,SP,dep.carlazambelli@camara.leg.br,https://www.camara.leg.br/internet/deputado/bandep/204507.jpg,57
204361,Carlos Chiodini,MDB,SC,dep.carloschiodini@camara.leg.br,https://www.camara.leg.br/internet/deputado/bandep/204361.jpg,57
178962,Carlos Gomes,REPUBLICANOS,RS,,https://www.camara.leg.br/internet/deputado/bandep/178962.jpg,57
178993,Carlos Henrique Gaguim,UNIÃO,TO,dep.carloshenriquegaguim@camara.leg.br,https://www.camara.leg.br/internet/deputado/bandep/178993.jpg,57
204460,Carlos Jordy,PL,RJ,dep.carlosjordy@camara.leg.br,https://www.camara.leg.br/internet/deputado/bandep/204460.jpg,57
74262,Carlos Sampaio,PSDB,SP,dep.carlossampaio@camara.leg.br,https://www.camara.leg.br/internet/deputado/bandep/74262.jpg,57
204426,Carlos Veras,PT,PE,dep.carlosveras@camara.leg.br,https://www.camara.leg.br/internet/deputado/bandep/204426.jpg,57
141398,Carlos Zarattini,PT,SP,dep.carloszarattini@camara.leg.br,https://www.camara.leg.br/internet/deputado/bandep/141398.jpg,57
164360,Carmen Zanotto,CIDADANIA,SC,,https://www.camara.leg.br/internet/deputado/bandep/164360.jpg,57
220704,Carol Dartora,PT,PR,dep.caroldartora@camara.leg.br,https://www.camara.leg.br/internet/deputado/bandep/220704.jpg,57
204369,Caroline de Toni,PL,SC,dep.carolinedetoni@camara.leg.br,https://www.camara.leg.br/internet/deputado/bandep/204369.jpg,57
220699,Castro Neto,PSD,PI,dep.castroneto@camara.leg.br,https://www.camara.leg.br/internet/deputado/bandep/220699.jpg,57
206018,Célia Xakriabá,PSOL,MG,dep.celiaxakriaba@camara.leg.br,https://www.camara.leg.br/internet/deputado/bandep/206018.jpg,57
178876,Célio Silveira,MDB,GO,dep.celiosilveira@camara.leg.br,https://www.camara.leg.br/internet/deputado/bandep/178876.jpg,57
204488,Célio Studart,PSD,CE,dep.celiostudart@camara.leg.br,https://www.camara.leg.br/internet/deputado/bandep/204488.jpg,57
73441,Celso Russomanno,REPUBLICANOS,SP,dep.celsorussomanno@camara.leg.br,https://www.camara.leg.br/internet/deputado/bandep/73441.jpg,57
204496,Celso Sabino,UNIÃO,PA,,https://www.camara.leg.br/internet/deputado/bandep/204496.jpg,57
204504,Cezinha de Madureira,PSD,SP,dep.cezinhademadureira@camara.leg.br,https://www.camara.leg.br/internet/deputado/bandep/204504.jpg,57
205476,Charles Fernandes,PSD,BA,dep.charlesfernandes@camara.leg.br,https://www.camara.leg.br/internet/deputado/bandep/205476.jpg,57
74171,Chico Alencar,PSOL,RJ,dep.chicoalencar@camara.leg.br,https://www.camara.leg.br/internet/deputado/bandep/74171.jpg,57
204476,Chiquinho Brazão,UNIÃO,RJ,dep.chiquinhobrazao@camara.leg.br,https://www.camara.leg.br/internet/deputado/bandep/204476.jpg,57
204462,Chris Tonietto,PL,RJ,dep.christonietto@camara.leg.br,https://www.camara.leg.br/internet/deputado/bandep/204462.jpg,57
220665,Clarissa Tércio,PP,PE,dep.clarissatercio@camara.leg.br,https://www.camara.leg.br/internet/deputado/bandep/220665.jpg,57
74537,Claudio Cajado,PP,BA,dep.claudiocajado@camara.leg.br,https://www.camara.leg.br/internet/deputado/bandep/74537.jpg,57
141408,Cleber Verde,REPUBLICANOS,MA,dep.cleberverde@camara.leg.br,https://www.camara.leg.br/internet/deputado/bandep/141408.jpg,57
88256,Clodoaldo Magalhães,PV,PE,dep.clodoaldomagalhaes@camara.leg.br,https://www.camara.leg.br/internet/deputado/bandep/88256.jpg,57
98148,Cobalchini,MDB,SC,dep.cobalchini@camara.leg.br,https://www.camara.leg.br/internet/deputado/bandep/98148.jpg,57
220594,Coronel Assis,UNIÃO,MT,dep.coronelassis@camara.leg.br,https://www.camara.leg.br/internet/deputado/bandep/220594.jpg,57
204378,Coronel Chrisóstomo,PL,RO,dep.coronelchrisostomo@camara.leg.br,https://www.camara.leg.br/internet/deputado/bandep/204378.jpg,57
220595,Coronel Fernanda,PL,MT,dep.coronelfernanda@camara.leg.br,https://www.camara.leg.br/internet/deputado/bandep/220595.jpg,57
220666,Coronel Meira,PL,PE,dep.coronelmeira@camara.leg.br,https://www.camara.leg.br/internet/deputado/bandep/220666.jpg,57
222142,Coronel Telhada,PP,SP,,https://www.camara.leg.br/internet/deputado/bandep/222142.jpg,57
220590,Coronel Ulysses,UNIÃO,AC,dep.coronelulysses@camara.leg.br,https://www.camara.leg.br/internet/deputado/bandep/220590.jpg,57
178963,Covatti Filho,PP,RS,dep.covattifilho@camara.leg.br,https://www.camara.leg.br/internet/deputado/bandep/178963.jpg,57
220608,Cristiane Lopes,UNIÃO,RO,dep.cristianelopes@camara.leg.br,https://www.camara.leg.br/internet/deputado/bandep/220608.jpg,57
204355,Da Vitoria,PP,ES,dep.davitoria@camara.leg.br,https://www.camara.leg.br/internet/deputado/bandep/204355.jpg,57
141411,Dagoberto Nogueira,PSDB,MS,dep.dagobertonogueira@camara.leg.br,https://www.camara.leg.br/internet/deputado/bandep/141411.jpg,57
220555,Daiana Santos,PCdoB,RS,dep.daianasantos@camara.leg.br,https://www.camara.leg.br/internet/deputado/bandep/220555.jpg,57
220692,Dal Barreto,UNIÃO,BA,dep.dalbarreto@camara.leg.br,https://www.camara.leg.br/internet/deputado/bandep/220692.jpg,57
74467,Damião Feliciano,UNIÃO,PB,dep.damiaofeliciano@camara.leg.br,https://www.camara.leg.br/internet/deputado/bandep/74467.jpg,57
220629,Dandara,PT,MG,dep.dandara@camara.leg.br,https://www.camara.leg.br/internet/deputado/bandep/220629.jpg,57
220603,Dani Cunha,UNIÃO,RJ,dep.danicunha@camara.leg.br,https://www.camara.leg.br/internet/deputado/bandep/220603.jpg,57
220571,Daniel Agrobom,PL,GO,dep.danielagrobom@camara.leg.br,https://www.camara.leg.br/internet/deputado/bandep/220571.jpg,57
74060,Daniel Almeida,PCdoB,BA,dep.danielalmeida@camara.leg.br,https://www.camara.leg.br/internet/deputado/bandep/74060.jpg,57
220582,Daniel Barbosa,PP,AL,dep.danielbarbosa@camara.leg.br,https://www.camara.leg.br/internet/deputado/bandep/220582.jpg,57
204367,Daniel Freitas,PL,SC,dep.danielfreitas@camara.leg.br,https://www.camara.leg.br/internet/deputado/bandep/204367.jpg,57
228941,Daniel José,PODE,SP,,https://www.camara.leg.br/internet/deputado/bandep/228941.jpg,57
220614,Daniel Soranz,PSD,RJ,dep.dr.danielsoranz@camara.leg.br,https://www.camara.leg.br/internet/deputado/bandep/220614.jpg,57
204409,Daniel Trzeciak,PSDB,RS,dep.danieltrzeciak@camara.leg.br,https://www.camara.leg.br/internet/deputado/bandep/204409.jpg,57
204459,Daniela do Waguinho,UNIÃO,RJ,dep.danieladowaguinho@camara.leg.br,https://www.camara.leg.br/internet/deputado/bandep/204459.jpg,57
220557,Daniela Reinehr,PL,SC,dep.danielareinehr@camara.leg.br,https://www.camara.leg.br/internet/deputado/bandep/220557.jpg,57
62881,Danilo Forte,UNIÃO,CE,dep.daniloforte@camara.leg.br,https://www.camara.leg.br/internet/deputado/bandep/62881.jpg,57
160552,Danrlei de Deus Hinterholz,PSD,RS,dep.danrleidedeushinterholz@camara.leg.br,https://www.camara.leg.br/internet/deputado/bandep/160552.jpg,57
116379,Darci de Matos,PSD,SC,,https://www.camara.leg.br/internet/deputado/bandep/116379.jpg,57
204511,David Soares,UNIÃO,SP,dep.davidsoares@camara.leg.br,https://www.camara.leg.br/internet/deputado/bandep/204511.jpg,57
220659,Dayany Bittencourt,UNIÃO,CE,dep.dayanybittencourt@camara.leg.br,https://www.camara.leg.br/internet/deputado/bandep/220659.jpg,57
220539,Defensor Stélio Dener,REPUBLICANOS,RR,dep.defensorsteliodener@camara.leg.br,https://www.camara.leg.br/internet/deputado/bandep/220539.jpg,57
220565,Delegada Adriana Accorsi,PT,GO,dep.delegadaadrianaaccorsi@camara.leg.br,https://www.camara.leg.br/internet/deputado/bandep/220565.jpg,57
220625,Delegada Ione,AVANTE,MG,dep.delegadaione@camara.leg.br,https://www.camara.leg.br/internet/deputado/bandep/220625.jpg,57
220561,Delegada Katarina,PSD,SE,dep.delegadakatarina@camara.leg.br,https://www.camara.leg.br/internet/deputado/bandep/220561.jpg,57
220642,Delegado Bruno Lima,PP,SP,dep.delegadobrunolima@camara.leg.br,https://www.camara.leg.br/internet/deputado/bandep/220642.jpg,57
220673,Delegado Caveira,PL,PA,dep.delegadocaveira@camara.leg.br,https://www.camara.leg.br/internet/deputado/bandep/220673.jpg,57
220649,Delegado da Cunha,PP,SP,dep.delegadodacunha@camara.leg.br,https://www.camara.leg.br/internet/deputado/bandep/220649.jpg,57
178908,Delegado Éder Mauro,PL,PA,dep.delegadoedermauro@camara.leg.br,https://www.camara.leg.br/internet/deputado/bandep/178908.jpg,57
220583,Delegado Fabio Costa,PP,AL,dep.delegadofabiocosta@camara.leg.br,https://www.camara.leg.br/internet/deputado/bandep/220583.jpg,57
204512,Delegado Marcelo Freitas,UNIÃO,MG,dep.delegadomarcelofreitas@camara.leg.br,https://www.camara.leg.br/internet/deputado/bandep/204512.jpg,57
220701,Delegado Matheus Laiola,UNIÃO,PR,dep.delegadomatheuslaiola@camara.leg.br,https://www.camara.leg.br/internet/deputado/bandep/220701.jpg,57
220652,Delegado Palumbo,MDB,SP,dep.delegadopalumbo@camara.leg.br,https://www.camara.leg.br/internet/deputado/bandep/220652.jpg,57
220654,Delegado Paulo Bilynskyj,PL,SP,dep.delegadopaulobilynskyj@camara.leg.br,https://www.camara.leg.br/internet/deputado/bandep/220654.jpg,57
220619,Delegado Ramagem,PL,RJ,dep.delegadoramagem@camara.leg.br,https://www.camara.leg.br/internet/deputado/bandep/220619.jpg,57
228272,Délio Pinheiro,PDT,MG,,https://www.camara.leg.br/internet/deputado/bandep/228272.jpg,57
220705,Deltan Dallagnol,PODE,PR,,https://www.camara.leg.br/internet/deputado/bandep/220705.jpg,57
220553,Denise Pessôa,PT,RS,dep.denisepessoa@camara.leg.br,https://www.camara.leg.br/internet/deputado/bandep/220553.jpg,57
220689,Detinha,PL,MA,dep.detinha@camara.leg.br,https://www.camara.leg.br/internet/deputado/bandep/220689.jpg,57
160588,Diego Andrade,PSD,MG,dep.diegoandrade@camara.leg.br,https://www.camara.leg.br/internet/deputado/bandep/160588.jpg,57
220691,Diego Coronel,PSD,BA,dep.diegocoronel@camara.leg.br,https://www.camara.leg.br/internet/deputado/bandep/220691.jpg,57
178929,Diego Garcia,REPUBLICANOS,PR,dep.diegogarcia@camara.leg.br,https://www.camara.leg.br/internet/deputado/bandep/178929.jpg,57
73768,Dilceu Sperafico,PP,PR,dep.dilceusperafico@camara.leg.br,https://www.camara.leg.br/internet/deputado/bandep/73768.jpg,57
220671,Dilvanda Faro,PT,PA,dep.dilvandafaro@camara.leg.br,https://www.camara.leg.br/internet/deputado/bandep/220671.jpg,57
160599,Dimas Fabiano,PP,MG,dep.dimasfabiano@camara.leg.br,https://www.camara.leg.br/internet/deputado/bandep/160599.jpg,57
220602,Dimas Gadelha,PT,RJ,dep.dimasgadelha@camara.leg.br,https://www.camara.leg.br/internet/deputado/bandep/220602.jpg,57
143632,Domingos Neto,PSD,CE,dep.domingosneto@camara.leg.br,https://www.camara.leg.br/internet/deputado/bandep/143632.jpg,57
160758,Domingos Sávio,PL,MG,dep.domingossavio@camara.leg.br,https://www.camara.leg.br/internet/deputado/bandep/160758.jpg,57
220573,Dorinaldo Malafaia,PDT,AP,dep.dorinaldomalafaia@camara.leg.br,https://www.camara.leg.br/internet/deputado/bandep/220573.jpg,57
227433,Douglas Viegas,UNIÃO,SP,,https://www.camara.leg.br/internet/deputado/bandep/227433.jpg,57
204450,Doutor Luizinho,PP,RJ,dep.doutorluizinho@camara.leg.br,https://www.camara.leg.br/internet/deputado/bandep/204450.jpg,57
221339,Dr Benjamim,UNIÃO,MA,,https://www.camara.leg.br/internet/deputado/bandep/221339.jpg,57
227401,Dr Fabio Rueda,UNIÃO,AC,,https://www.camara.leg.br/internet/deputado/bandep/227401.jpg,57
227991,Dr Flávio,PL,RJ,,https://www.camara.leg.br/internet/deputado/bandep/227991.jpg,57
220610,Dr. Fernando Máximo,UNIÃO,RO,dep.dr.fernandomaximo@camara.leg.br,https://www.camara.leg.br/internet/deputado/bandep/220610.jpg,57
220688,Dr. Francisco,PT,PI,dep.dr.francisco@camara.leg.br,https://www.camara.leg.br/internet/deputado/bandep/220688.jpg,57
204518,Dr. Frederico,PATRIOTA,MG,dep.dr.frederico@camara.leg.br,https://www.camara.leg.br/internet/deputado/bandep/204518.jpg,57
212625,Dr. Gonçalo,PODE,MA,,https://www.camara.leg.br/internet/deputado/bandep/212625.jpg,57
220570,Dr. Ismael Alexandrino,PSD,GO,dep.dr.ismaelalexandrino@camara.leg.br,https://www.camara.leg.br/internet/deputado/bandep/220570.jpg,57
204481,Dr. Jaziel,PL,CE,dep.dr.jaziel@camara.leg.br,https://www.camara.leg.br/internet/deputado/bandep/204481.jpg,57
204351,Dr. Luiz Ovando,PP,MS,dep.dr.luizovando@camara.leg.br,https://www.camara.leg.br/internet/deputado/bandep/204351.jpg,57
228616,Dr. Remy Soares,PP,MA,,https://www.camara.leg.br/internet/deputado/bandep/228616.jpg,57
220528,Dr. Victor Linhalis,PODE,ES,dep.dr.victorlinhalis@camara.leg.br,https://www.camara.leg.br/internet/deputado/bandep/220528.jpg,57
204412,Dr. Zacharias Calil,UNIÃO,GO,dep.dr.zachariascalil@camara.leg.br,https://www.camara.leg.br/internet/deputado/bandep/204412.jpg,57
220674,Dra. Alessandra Haber,MDB,PA,dep.dra.alessandrahaber@camara.leg.br,https://www.camara.leg.br/internet/deputado/bandep/220674.jpg,57
230088,Dra. Mayra Pinheiro,PL,CE,,https://www.camara.leg.br/internet/deputado/bandep/230088.jpg,57
220686,Duarte,PSB,MA,dep.duartejr@camara.leg.br,https://www.camara.leg.br/internet/deputado/bandep/220686.jpg,57
227800,Duarte Gonçalves Jr,PSC,MG,,https://www.camara.leg.br/internet/deputado/bandep/227800.jpg,57
220540,Duda Ramos,MDB,RR,dep.dudaramos@camara.leg.br,https://www.camara.leg.br/internet/deputado/bandep/220540.jpg,57
220623,Duda Salabert,PDT,MG,dep.dudasalabert@camara.leg.br,https://www.camara.leg.br/internet/deputado/bandep/220623.jpg,57
204541,Eduardo Bismarck,PDT,CE,,https://www.camara.leg.br/internet/deputado/bandep/204541.jpg,57
92346,Eduardo Bolsonaro,PL,SP,dep.eduardobolsonaro@camara.leg.br,https://www.camara.leg.br/internet/deputado/bandep/92346.jpg,57
141421,Eduardo da Fonte,PP,PE,dep.eduardodafonte@camara.leg.br,https://www.camara.leg.br/internet/deputado/bandep/141421.jpg,57
220589,Eduardo Velloso,UNIÃO,AC,dep.eduardovelloso@camara.leg.br,https://www.camara.leg.br/internet/deputado/bandep/220589.jpg,57
74075,Elcione Barbalho,MDB,PA,dep.elcionebarbalho@camara.leg.br,https://www.camara.leg.br/internet/deputado/bandep/74075.jpg,57
204364,Eli Borges,PL,TO,dep.eliborges@camara.leg.br,https://www.camara.leg.br/internet/deputado/bandep/204364.jpg,57
226553,Eliane Braz,PSD,CE,,https://www.camara.leg.br/internet/deputado/bandep/226553.jpg,57
229585,Elisangela Araujo,PT,BA,,https://www.camara.leg.br/internet/deputado/bandep/229585.jpg,57
220008,Eliza Virgínia,PP,PB,,https://www.camara.leg.br/internet/deputado/bandep/220008.jpg,57
178854,Elmar Nascimento,UNIÃO,BA,dep.elmarnascimento@camara.leg.br,https://www.camara.leg.br/internet/deputado/bandep/178854.jpg,57
218086,Ely Santos,REPUBLICANOS,SP,dep.elysantos@camara.leg.br,https://www.camara.leg.br/internet/deputado/bandep/218086.jpg,57
198783,Emanuel Pinheiro Neto,MDB,MT,dep.emanuelpinheironeto@camara.leg.br,https://www.camara.leg.br/internet/deputado/bandep/198783.jpg,57
161550,Emidinho Madeira,PL,MG,dep.emidinhomadeira@camara.leg.br,https://www.camara.leg.br/internet/deputado/bandep/161550.jpg,57
225730,Enfermeira Ana Paula,PDT,CE,dep.enfermeiraanapaula@camara.leg.br,https://www.camara.leg.br/internet/deputado/bandep/225730.jpg,57
230765,Enfermeira Rejane,PCdoB,RJ,dep.enfermeirarejane@camara.leg.br,https://www.camara.leg.br/internet/deputado/bandep/230765.jpg,57
132504,Enio Verri,PT,PR,,https://www.camara.leg.br/internet/deputado/bandep/132504.jpg,57
220663,Eriberto Medeiros,PSB,PE,dep.eribertomedeiros@camara.leg.br,https://www.camara.leg.br/internet/deputado/bandep/220663.jpg,57
220645,Erika Hilton,PSOL,SP,dep.erikahilton@camara.leg.br,https://www.camara.leg.br/internet/deputado/bandep/220645.jpg,57
160575,Erika Kokay,PT,DF,dep.erikakokay@camara.leg.br,https://www.camara.leg.br/internet/deputado/bandep/160575.jpg,57
160640,Eros Biondini,PL,MG,dep.erosbiondini@camara.leg.br,https://www.camara.leg.br/internet/deputado/bandep/160640.jpg,57
204482,Euclydes Pettersen,PSC,MG,dep.euclydespettersen@camara.leg.br,https://www.camara.leg.br/internet/deputado/bandep/204482.jpg,57
74454,Eunício Oliveira,MDB,CE,dep.euniciooliveira@camara.leg.br,https://www.camara.leg.br/internet/deputado/bandep/74454.jpg,57
178871,Evair Vieira de Melo,PP,ES,dep.evairvieirademelo@camara.leg.br,https://www.camara.leg.br/internet/deputado/bandep/178871.jpg,57
178905,Fabio Garcia,UNIÃO,MT,,https://www.camara.leg.br/internet/deputado/bandep/178905.jpg,57
68720,Fábio Henrique,UNIÃO,SE,,https://www.camara.leg.br/internet/deputado/bandep/68720.jpg,57
220681,Fábio Macedo,PODE,MA,dep.fabiomacedo@camara.leg.br,https://www.camara.leg.br/internet/deputado/bandep/220681.jpg,57
171623,Fabio Reis,PSD,SE,,https://www.camara.leg.br/internet/deputado/bandep/171623.jpg,57
204368,Fabio Schiochet,UNIÃO,SC,dep.fabioschiochet@camara.leg.br,https://www.camara.leg.br/internet/deputado/bandep/204368.jpg,57
220653,Fábio Teruel,MDB,SP,dep.fabioteruel@camara.leg.br,https://www.camara.leg.br/internet/deputado/bandep/220653.jpg,57
66828,Fausto Pinato,PP,SP,dep.faustopinato@camara.leg.br,https://www.camara.leg.br/internet/deputado/bandep/66828.jpg,57
220712,Fausto Santos Jr.,UNIÃO,AM,dep.faustosantosjr@camara.leg.br,https://www.camara.leg.br/internet/deputado/bandep/220712.jpg,57
220646,Felipe Becari,UNIÃO,SP,dep.felipebecari@camara.leg.br,https://www.camara.leg.br/internet/deputado/bandep/220646.jpg,57
72442,Felipe Carreras,PSB,PE,dep.felipecarreras@camara.leg.br,https://www.camara.leg.br/internet/deputado/bandep/72442.jpg,57
204398,Felipe Francischini,UNIÃO,PR,dep.felipefrancischini@camara.leg.br,https://www.camara.leg.br/internet/deputado/bandep/204398.jpg,57
227370,Felipe Saliba,PATRIOTA,MG,,https://www.camara.leg.br/internet/deputado/bandep/227370.jpg,57
160666,Félix Mendonça Júnior,PDT,BA,dep.felixmendoncajunior@camara.leg.br,https://www.camara.leg.br/internet/deputado/bandep/160666.jpg,57
204407,Fernanda Melchionna,PSOL,RS,dep.fernandamelchionna@camara.leg.br,https://www.camara.leg.br/internet/deputado/bandep/204407.jpg,57
220656,Fernanda Pessoa,UNIÃO,CE,dep.fernandapessoa@camara.leg.br,https://www.camara.leg.br/internet/deputado/bandep/220656.jpg,57
141431,Fernando Coelho Filho,UNIÃO,PE,dep.fernandocoelhofilho@camara.leg.br,https://www.camara.leg.br/internet/deputado/bandep/141431.jpg,57
204445,Fernando Mineiro,PT,RN,dep.fernandomineiro@camara.leg.br,https://www.camara.leg.br/internet/deputado/bandep/204445.jpg,57
92699,Fernando Monteiro,PP,PE,dep.fernandomonteiro@camara.leg.br,https://www.camara.leg.br/internet/deputado/bandep/92699.jpg,57
204427,Fernando Rodolfo,PL,PE,dep.fernandorodolfo@camara.leg.br,https://www.camara.leg.br/internet/deputado/bandep/204427.jpg,57
204411,Filipe Barros,PL,PR,dep.filipebarros@camara.leg.br,https://www.camara.leg.br/internet/deputado/bandep/204411.jpg,57
220545,Filipe Martins,PL,TO,dep.filipemartins@camara.leg.br,https://www.camara.leg.br/internet/deputado/bandep/220545.jpg,57
160598,Flávia Morais,PDT,GO,dep.flaviamorais@camara.leg.br,https://www.camara.leg.br/internet/deputado/bandep/160598.jpg,57
225727,Flavinha,MDB,MT,,https://www.camara.leg.br/internet/deputado/bandep/225727.jpg,57
191923,Flávio Nogueira,PT,PI,dep.flavionogueira@camara.leg.br,https://www.camara.leg.br/internet/deputado/bandep/191923.jpg,57
220700,Florentino Neto,PT,PI,dep.florentinoneto@camara.leg.br,https://www.camara.leg.br/internet/deputado/bandep/220700.jpg,57
220551,Franciane Bayer,REPUBLICANOS,RS,dep.francianebayer@camara.leg.br,https://www.camara.leg.br/internet/deputado/bandep/220551.jpg,57
204494,Fred Costa,PATRIOTA,MG,dep.fredcosta@camara.leg.br,https://www.camara.leg.br/internet/deputado/bandep/204494.jpg,57
220534,Fred Linhares,REPUBLICANOS,DF,dep.fredlinhares@camara.leg.br,https://www.camara.leg.br/internet/deputado/bandep/220534.jpg,57
224117,Gabriel Mota,REPUBLICANOS,RR,dep.gabrielmota@camara.leg.br,https://www.camara.leg.br/internet/deputado/bandep/224117.jpg,57
220708,Gabriel Nunes,PSD,BA,dep.gabrielnunes@camara.leg.br,https://www.camara.leg.br/internet/deputado/bandep/220708.jpg,57
204473,General Girão,PL,RN,dep.generalgirao@camara.leg.br,https://www.camara.leg.br/internet/deputado/bandep/204473.jpg,57
220611,General Pazuello,PL,RJ,dep.generalpazuello@camara.leg.br,https://www.camara.leg.br/internet/deputado/bandep/220611.jpg,57
178966,Geovania de Sá,PSDB,SC,dep.geovaniadesa@camara.leg.br,https://www.camara.leg.br/internet/deputado/bandep/178966.jpg,57
220702,Geraldo Mendes,UNIÃO,PR,dep.geraldomendes@camara.leg.br,https://www.camara.leg.br/internet/deputado/bandep/220702.jpg,57
74374,Geraldo Resende,PSDB,MS,dep.geraldoresende@camara.leg.br,https://www.camara.leg.br/internet/deputado/bandep/74374.jpg,57
220587,Gerlen Diniz,PP,AC,,https://www.camara.leg.br/internet/deputado/bandep/220587.jpg,57
204394,Gervásio Maia,PSB,PB,dep.gervasiomaia@camara.leg.br,https://www.camara.leg.br/internet/deputado/bandep/204394.jpg,57
74383,Giacobo,PL,PR,dep.giacobo@camara.leg.br,https://www.camara.leg.br/internet/deputado/bandep/74383.jpg,57
204491,Gilberto Abramo,REPUBLICANOS,MG,dep.gilbertoabramo@camara.leg.br,https://www.camara.leg.br/internet/deputado/bandep/204491.jpg,57
74270,Gilberto Nascimento,PSC,SP,dep.gilbertonascimento@camara.leg.br,https://www.camara.leg.br/internet/deputado/bandep/74270.jpg,57
220529,Gilson Daniel,PODE,ES,dep.gilsondaniel@camara.leg.br,https://www.camara.leg.br/internet/deputado/bandep/220529.jpg,57
204365,Gilson Marques,NOVO,SC,dep.gilsonmarques@camara.leg.br,https://www.camara.leg.br/internet/deputado/bandep/204365.jpg,57
220526,Gilvan da Federal,PL,ES,dep.gilvandafederal@camara.leg.br,https://www.camara.leg.br/internet/deputado/bandep/220526.jpg,57
220531,Gilvan Maximo,REPUBLICANOS,DF,dep.gilvanmaximo@camara.leg.br,https://www.camara.leg.br/internet/deputado/bandep/220531.jpg,57
160673,Giovani Cherini,PL,RS,dep.giovanicherini@camara.leg.br,https://www.camara.leg.br/internet/deputado/bandep/160673.jpg,57
226179,Gisela Simona,UNIÃO,MT,dep.giselasimona@camara.leg.br,https://www.camara.leg.br/internet/deputado/bandep/226179.jpg,57
152605,Glauber Braga,PSOL,RJ,dep.glauberbraga@camara.leg.br,https://www.camara.leg.br/internet/deputado/bandep/152605.jpg,57
229333,Gláucia Santiago,PL,MG,,https://www.camara.leg.br/internet/deputado/bandep/229333.jpg,57
204419,Glaustin da Fokus,PSC,GO,dep.glaustindafokus@camara.leg.br,https://www.camara.leg.br/internet/deputado/bandep/204419.jpg,57
107283,Gleisi Hoffmann,PT,PR,dep.gleisihoffmann@camara.leg.br,https://www.camara.leg.br/internet/deputado/bandep/107283.jpg,57
198197,Greyce Elias,AVANTE,MG,dep.greyceelias@camara.leg.br,https://www.camara.leg.br/internet/deputado/bandep/198197.jpg,57
220639,Guilherme Boulos,PSOL,SP,dep.guilhermeboulos@camara.leg.br,https://www.camara.leg.br/internet/deputado/bandep/220639.jpg,57
204531,Guilherme Derrite,PL,SP,,https://www.camara.leg.br/internet/deputado/bandep/204531.jpg,57
220664,Guilherme Uchoa,PSB,PE,dep.guilhermeuchoa@camara.leg.br,https://www.camara.leg.br/internet/deputado/bandep/220664.jpg,57
220568,Gustavo Gayer,PL,GO,dep.gustavogayer@camara.leg.br,https://www.camara.leg.br/internet/deputado/bandep/220568.jpg,57
204408,Gustinho Ribeiro,REPUBLICANOS,SE,dep.gustinhoribeiro@camara.leg.br,https://www.camara.leg.br/internet/deputado/bandep/204408.jpg,57
204456,Gutemberg Reis,MDB,RJ,dep.gutembergreis@camara.leg.br,https://www.camara.leg.br/internet/deputado/bandep/204456.jpg,57
178964,Heitor Schuch,PSB,RS,dep.heitorschuch@camara.leg.br,https://www.camara.leg.br/internet/deputado/bandep/178964.jpg,57
178873,Helder Salomão,PT,ES,dep.heldersalomao@camara.leg.br,https://www.camara.leg.br/internet/deputado/bandep/178873.jpg,57
220537,Helena Lima,MDB,RR,dep.helenalima@camara.leg.br,https://www.camara.leg.br/internet/deputado/bandep/220537.jpg,57
178909,Hélio Leite,UNIÃO,PA,,https://www.camara.leg.br/internet/deputado/bandep/178909.jpg,57
204444,Helio Lopes,PL,RJ,dep.heliolopes@camara.leg.br,https://www.camara.leg.br/internet/deputado/bandep/204444.jpg,57
220672,Henderson Pinto,MDB,PA,dep.hendersonpinto@camara.leg.br,https://www.camara.leg.br/internet/deputado/bandep/220672.jpg,57
227324,Henrique Júnior,PL,MA,,https://www.camara.leg.br/internet/deputado/bandep/227324.jpg,57
204539,Hercílio Coelho Diniz,MDB,MG,dep.herciliocoelhodiniz@camara.leg.br,https://www.camara.leg.br/internet/deputado/bandep/204539.jpg,57
100689,Hildo do Candango,REPUBLICANOS,GO,,https://www.camara.leg.br/internet/deputado/bandep/100689.jpg,57
178884,Hildo Rocha,MDB,MA,dep.hildorocha@camara.leg.br,https://www.camara.leg.br/internet/deputado/bandep/178884.jpg,57
141450,Hugo Leal,PSD,RJ,dep.hugoleal@camara.leg.br,https://www.camara.leg.br/internet/deputado/bandep/141450.jpg,57
160674,Hugo Motta,REPUBLICANOS,PB,dep.hugomotta@camara.leg.br,https://www.camara.leg.br/internet/deputado/bandep/160674.jpg,57
220563,Icaro de Valmir,PL,SE,dep.icarodevalmir@camara.leg.br,https://www.camara.leg.br/internet/deputado/bandep/220563.jpg,57
204533,Idilvan Alencar,PDT,CE,,https://www.camara.leg.br/internet/deputado/bandep/204533.jpg,57
204508,Igor Timo,PODE,MG,dep.igortimo@camara.leg.br,https://www.camara.leg.br/internet/deputado/bandep/204508.jpg,57
98615,Ismael,PSD,SC,dep.ismael@camara.leg.br,https://www.camara.leg.br/internet/deputado/bandep/98615.jpg,57
204436,Isnaldo Bulhões Jr.,MDB,AL,dep.isnaldobulhoesjr@camara.leg.br,https://www.camara.leg.br/internet/deputado/bandep/204436.jpg,57
230764,Ivan Junior,UNIÃO,MA,dep.ivanjunior@camara.leg.br,https://www.camara.leg.br/internet/deputado/bandep/230764.jpg,57
73531,Ivan Valente,PSOL,SP,dep.ivanvalente@camara.leg.br,https://www.camara.leg.br/internet/deputado/bandep/73531.jpg,57
220696,Ivoneide Caetano,PT,BA,dep.ivoneidecaetano@camara.leg.br,https://www.camara.leg.br/internet/deputado/bandep/220696.jpg,57
220670,Iza Arruda,MDB,PE,dep.izaarruda@camara.leg.br,https://www.camara.leg.br/internet/deputado/bandep/220670.jpg,57
220527,Jack Rocha,PT,ES,dep.jackrocha@camara.leg.br,https://www.camara.leg.br/internet/deputado/bandep/220527.jpg,57
220697,Jadyel Alencar,PV,PI,dep.jadyelalencar@camara.leg.br,https://www.camara.leg.br/internet/deputado/bandep/220697.jpg,57
74848,Jandira Feghali,PCdoB,RJ,dep.jandirafeghali@camara.leg.br,https://www.camara.leg.br/internet/deputado/bandep/74848.jpg,57
220567,Jeferson Rodrigues,REPUBLICANOS,GO,dep.jefersonrodrigues@camara.leg.br,https://www.camara.leg.br/internet/deputado/bandep/220567.jpg,57
74273,Jefferson Campos,PL,SP,dep.jeffersoncampos@camara.leg.br,https://www.camara.leg.br/internet/deputado/bandep/74273.jpg,57
160531,Jhonatan de Jesus,REPUBLICANOS,RR,,https://www.camara.leg.br/internet/deputado/bandep/160531.jpg,57
141456,Jilmar Tatto,PT,SP,dep.jilmartatto@camara.leg.br,https://www.camara.leg.br/internet/deputado/bandep/141456.jpg,57
141458,João Carlos Bacelar,PL,BA,dep.joaocarlosbacelar@camara.leg.br,https://www.camara.leg.br/internet/deputado/bandep/141458.jpg,57
230957,João Cury,MDB,SP,dep.joaocury@camara.leg.br,https://www.camara.leg.br/internet/deputado/bandep/230957.jpg,57
178970,João Daniel,PT,SE,dep.joaodaniel@camara.leg.br,https://www.camara.leg.br/internet/deputado/bandep/178970.jpg,57
74550,João Leão,PP,BA,dep.joaoleao@camara.leg.br,https://www.camara.leg.br/internet/deputado/bandep/74550.jpg,57
141459,João Maia,PL,RN,dep.joaomaia@camara.leg.br,https://www.camara.leg.br/internet/deputado/bandep/141459.jpg,57
178910,Joaquim Passarinho,PL,PA,dep.joaquimpassarinho@camara.leg.br,https://www.camara.leg.br/internet/deputado/bandep/178910.jpg,57
160548,Jonas Donizette,PSB,SP,dep.jonasdonizette@camara.leg.br,https://www.camara.leg.br/internet/deputado/bandep/160548.jpg,57
217480,Jones Moura,PSD,RJ,,https://www.camara.leg.br/internet/deputado/bandep/217480.jpg,57
205550,Jorge Braz,REPUBLICANOS,RJ,dep.jorgebraz@camara.leg.br,https://www.camara.leg.br/internet/deputado/bandep/205550.jpg,57
214694,Jorge Goetten,PL,SC,dep.jorgegoetten@camara.leg.br,https://www.camara.leg.br/internet/deputado/bandep/214694.jpg,57
178857,Jorge Solla,PT,BA,dep.jorgesolla@camara.leg.br,https://www.camara.leg.br/internet/deputado/bandep/178857.jpg,57
141464,José Airton Félix Cirilo,PT,CE,dep.joseairtonfelixcirilo@camara.leg.br,https://www.camara.leg.br/internet/deputado/bandep/141464.jpg,57
141470,José Guimarães,PT,CE,dep.joseguimaraes@camara.leg.br,https://www.camara.leg.br/internet/deputado/bandep/141470.jpg,57
204472,José Medeiros,PL,MT,dep.josemedeiros@camara.leg.br,https://www.camara.leg.br/internet/deputado/bandep/204472.jpg,57
204391,José Nelto,PP,GO,dep.josenelto@camara.leg.br,https://www.camara.leg.br/internet/deputado/bandep/204391.jpg,57
74079,José Priante,MDB,PA,dep.josepriante@camara.leg.br,https://www.camara.leg.br/internet/deputado/bandep/74079.jpg,57
74554,José Rocha,UNIÃO,BA,dep.joserocha@camara.leg.br,https://www.camara.leg.br/internet/deputado/bandep/74554.jpg,57
209189,Joseildo Ramos,PT,BA,dep.joseildoramos@camara.leg.br,https://www.camara.leg.br/internet/deputado/bandep/209189.jpg,57
220578,Josenildo,PDT,AP,dep.josenildo@camara.leg.br,https://www.camara.leg.br/internet/deputado/bandep/220578.jpg,57
74141,Josias Gomes,PT,BA,dep.josiasgomes@camara.leg.br,https://www.camara.leg.br/internet/deputado/bandep/74141.jpg,57
204563,Josimar Maranhãozinho,PL,MA,dep.josimarmaranhaozinho@camara.leg.br,https://www.camara.leg.br/internet/deputado/bandep/204563.jpg,57
215043,Josivaldo JP,PSD,MA,dep.josivaldojp@camara.leg.br,https://www.camara.leg.br/internet/deputado/bandep/215043.jpg,57
204474,Juarez Costa,MDB,MT,dep.juarezcosta@camara.leg.br,https://www.camara.leg.br/internet/deputado/bandep/204474.jpg,57
220559,Julia Zanatta,PL,SC,dep.juliazanatta@camara.leg.br,https://www.camara.leg.br/internet/deputado/bandep/220559.jpg,57
220640,Juliana Cardoso,PT,SP,dep.julianacardoso@camara.leg.br,https://www.camara.leg.br/internet/deputado/bandep/220640.jpg,57
228837,Juliana Kolankiewicz,MDB,MT,,https://www.camara.leg.br/internet/deputado/bandep/228837.jpg,57
66385,Julio Arcoverde,PP,PI,dep.julioarcoverde@camara.leg.br,https://www.camara.leg.br/internet/deputado/bandep/66385.jpg,57
74317,Júlio Cesar,PSD,PI,dep.juliocesar@camara.leg.br,https://www.camara.leg.br/internet/deputado/bandep/74317.jpg,57
204372,Julio Cesar Ribeiro,REPUBLICANOS,DF,dep.juliocesarribeiro@camara.leg.br,https://www.camara.leg.br/internet/deputado/bandep/204372.jpg,57
74253,Julio Lopes,PP,RJ,dep.juliolopes@camara.leg.br,https://www.camara.leg.br/internet/deputado/bandep/74253.jpg,57
228797,Júlio Oliveira,PP,TO,,https://www.camara.leg.br/internet/deputado/bandep/228797.jpg,57
204457,Juninho do Pneu,UNIÃO,RJ,dep.juninhodopneu@camara.leg.br,https://www.camara.leg.br/internet/deputado/bandep/204457.jpg,57
204520,Junio Amaral,PL,MG,dep.junioamaral@camara.leg.br,https://www.camara.leg.br/internet/deputado/bandep/204520.jpg,57
204497,Júnior Ferrari,PSD,PA,dep.juniorferrari@camara.leg.br,https://www.camara.leg.br/internet/deputado/bandep/204497.jpg,57
204574,Junior Lourenço,PL,MA,dep.juniorlourenco@camara.leg.br,https://www.camara.leg.br/internet/deputado/bandep/204574.jpg,57
204550,Júnior Mano,PL,CE,dep.juniormano@camara.leg.br,https://www.camara.leg.br/internet/deputado/bandep/204550.jpg,57
178886,Juscelino Filho,UNIÃO,MA,,https://www.camara.leg.br/internet/deputado/bandep/178886.jpg,57
220677,Keniston Braga,MDB,PA,dep.kenistonbraga@camara.leg.br,https://www.camara.leg.br/internet/deputado/bandep/220677.jpg,57
162067,Kiko Celeguim,PT,SP,dep.kikoceleguim@camara.leg.br,https://www.camara.leg.br/internet/deputado/bandep/162067.jpg,57
204536,Kim Kataguiri,UNIÃO,SP,dep.kimkataguiri@camara.leg.br,https://www.camara.leg.br/internet/deputado/bandep/204536.jpg,57
98057,Lafayette de Andrada,REPUBLICANOS,MG,dep.lafayettedeandrada@camara.leg.br,https://www.camara.leg.br/internet/deputado/bandep/98057.jpg,57
74856,Laura Carneiro,PSD,RJ,dep.lauracarneiro@camara.leg.br,https://www.camara.leg.br/internet/deputado/bandep/74856.jpg,57
141480,Lázaro Botelho,PP,TO,dep.lazarobotelho@camara.leg.br,https://www.camara.leg.br/internet/deputado/bandep/141480.jpg,57
178832,Leandre,PSD,PR,,https://www.camara.leg.br/internet/deputado/bandep/178832.jpg,57
220600,Lebrão,UNIÃO,RO,dep.lebrao@camara.leg.br,https://www.camara.leg.br/internet/deputado/bandep/220600.jpg,57
220566,Lêda Borges,PSDB,GO,dep.ledaborges@camara.leg.br,https://www.camara.leg.br/internet/deputado/bandep/220566.jpg,57
80815,Leo Prates,PDT,BA,dep.leoprates@camara.leg.br,https://www.camara.leg.br/internet/deputado/bandep/80815.jpg,57
122195,Leonardo Gadelha,PSC,PB,,https://www.camara.leg.br/internet/deputado/bandep/122195.jpg,57
74156,Leonardo Monteiro,PT,MG,dep.leonardomonteiro@camara.leg.br,https://www.camara.leg.br/internet/deputado/bandep/74156.jpg,57
74299,Leônidas Cristino,PDT,CE,dep.leonidascristino@camara.leg.br,https://www.camara.leg.br/internet/deputado/bandep/74299.jpg,57
92102,Leur Lomanto Júnior,UNIÃO,BA,dep.leurlomantojunior@camara.leg.br,https://www.camara.leg.br/internet/deputado/bandep/92102.jpg,57
139285,Lídice da Mata,PSB,BA,dep.lidicedamata@camara.leg.br,https://www.camara.leg.br/internet/deputado/bandep/139285.jpg,57
74585,Lincoln Portela,PL,MG,dep.lincolnportela@camara.leg.br,https://www.camara.leg.br/internet/deputado/bandep/74585.jpg,57
74858,Lindbergh Farias,PT,RJ,dep.lindberghfarias@camara.leg.br,https://www.camara.leg.br/internet/deputado/bandep/74858.jpg,57
171139,Loreny,SOLIDARIEDADE,SP,,https://www.camara.leg.br/internet/deputado/bandep/171139.jpg,57
220662,Lucas Ramos,PSB,PE,dep.lucasramos@camara.leg.br,https://www.camara.leg.br/internet/deputado/bandep/220662.jpg,57
204404,Lucas Redecker,PSDB,RS,dep.lucasredecker@camara.leg.br,https://www.camara.leg.br/internet/deputado/bandep/204404.jpg,57
138286,Luciano Alves,PSD,PR,dep.lucianoalves@camara.leg.br,https://www.camara.leg.br/internet/deputado/bandep/138286.jpg,57
220581,Luciano Amaral,PV,AL,dep.lucianoamaral@camara.leg.br,https://www.camara.leg.br/internet/deputado/bandep/220581.jpg,57
103758,Luciano Azevedo,PSD,RS,,https://www.camara.leg.br/internet/deputado/bandep/103758.jpg,57
74478,Luciano Bivar,UNIÃO,PE,dep.lucianobivar@camara.leg.br,https://www.camara.leg.br/internet/deputado/bandep/74478.jpg,57
178931,Luciano Ducci,PSB,PR,dep.lucianoducci@camara.leg.br,https://www.camara.leg.br/internet/deputado/bandep/178931.jpg,57
227323,Luciano Galego,PL,MA,,https://www.camara.leg.br/internet/deputado/bandep/227323.jpg,57
220616,Luciano Vieira,PL,RJ,dep.lucianovieira@camara.leg.br,https://www.camara.leg.br/internet/deputado/bandep/220616.jpg,57
178954,Lucio Mosquini,MDB,RO,dep.luciomosquini@camara.leg.br,https://www.camara.leg.br/internet/deputado/bandep/178954.jpg,57
229082,Lucyana Genésio,PDT,MA,,https://www.camara.leg.br/internet/deputado/bandep/229082.jpg,57
222429,Luis Carlos Gomes,REPUBLICANOS,RJ,dep.luiscarlosgomes@camara.leg.br,https://www.camara.leg.br/internet/deputado/bandep/222429.jpg,57
160510,Luis Tibé,AVANTE,MG,dep.luistibe@camara.leg.br,https://www.camara.leg.br/internet/deputado/bandep/160510.jpg,57
204410,Luisa Canziani,PSD,PR,dep.luisacanziani@camara.leg.br,https://www.camara.leg.br/internet/deputado/bandep/204410.jpg,57
204448,Luiz Antonio Corrêa,PP,RJ,,https://www.camara.leg.br/internet/deputado/bandep/204448.jpg,57
141485,Luiz Carlos Busato,UNIÃO,RS,dep.luizcarlosbusato@camara.leg.br,https://www.camara.leg.br/internet/deputado/bandep/141485.jpg,57
73778,Luiz Carlos Hauly,PODE,PR,dep.luizcarloshauly@camara.leg.br,https://www.camara.leg.br/internet/deputado/bandep/73778.jpg,57
204485,Luiz Carlos Motta,PL,SP,dep.luizcarlosmotta@camara.leg.br,https://www.camara.leg.br/internet/deputado/bandep/204485.jpg,57
74041,Luiz Couto,PT,PB,dep.luizcouto@camara.leg.br,https://www.camara.leg.br/internet/deputado/bandep/74041.jpg,57
141487,Luiz Fernando Faria,PSD,MG,dep.luizfernandofaria@camara.leg.br,https://www.camara.leg.br/internet/deputado/bandep/141487.jpg,57
229432,Luiz Fernando Vampiro,MDB,SC,,https://www.camara.leg.br/internet/deputado/bandep/229432.jpg,57
220658,Luiz Gastão,PSD,CE,dep.luizgastao@camara.leg.br,https://www.camara.leg.br/internet/deputado/bandep/220658.jpg,57
204455,Luiz Lima,PL,RJ,dep.luizlima@camara.leg.br,https://www.camara.leg.br/internet/deputado/bandep/204455.jpg,57
220636,Luiz Marinho,PT,SP,,https://www.camara.leg.br/internet/deputado/bandep/220636.jpg,57
162332,Luiz Nishimori,PSD,PR,dep.luiznishimori@camara.leg.br,https://www.camara.leg.br/internet/deputado/bandep/162332.jpg,57
204526,Luiz Philippe de Orleans e Bragança,PL,SP,dep.luizphilippedeorleansebraganca@camara.leg.br,https://www.camara.leg.br/internet/deputado/bandep/204526.jpg,57
74784,Luiza Erundina,PSOL,SP,dep.luizaerundina@camara.leg.br,https://www.camara.leg.br/internet/deputado/bandep/74784.jpg,57
178866,Luizianne Lins,PT,CE,dep.luiziannelins@camara.leg.br,https://www.camara.leg.br/internet/deputado/bandep/178866.jpg,57
220669,Lula da Fonte,PP,PE,dep.luladafonte@camara.leg.br,https://www.camara.leg.br/internet/deputado/bandep/220669.jpg,57
166402,Magda Mofatto,PL,GO,dep.magdamofatto@camara.leg.br,https://www.camara.leg.br/internet/deputado/bandep/166402.jpg,57
220648,Marangoni,UNIÃO,SP,dep.marangoni@camara.leg.br,https://www.camara.leg.br/internet/deputado/bandep/220648.jpg,57
156190,Marcel van Hattem,NOVO,RS,dep.marcelvanhattem@camara.leg.br,https://www.camara.leg.br/internet/deputado/bandep/156190.jpg,57
179000,Marcelo Álvaro Antônio,PL,MG,dep.marceloalvaroantonio@camara.leg.br,https://www.camara.leg.br/internet/deputado/bandep/179000.jpg,57
204433,Marcelo Calero,PSD,RJ,,https://www.camara.leg.br/internet/deputado/bandep/204433.jpg,57
220599,Marcelo Crivella,REPUBLICANOS,RJ,dep.marcelocrivella@camara.leg.br,https://www.camara.leg.br/internet/deputado/bandep/220599.jpg,57
220634,Marcelo Lima,SOLIDARIEDADE,SP,,https://www.camara.leg.br/internet/deputado/bandep/220634.jpg,57
133810,Marcelo Moraes,PL,RS,dep.marcelomoraes@camara.leg.br,https://www.camara.leg.br/internet/deputado/bandep/133810.jpg,57
160161,Marcelo Queiroz,PP,RJ,dep.marceloqueiroz@camara.leg.br,https://www.camara.leg.br/internet/deputado/bandep/160161.jpg,57
178983,Marcio Alvino,PL,SP,dep.marcioalvino@camara.leg.br,https://www.camara.leg.br/internet/deputado/bandep/178983.jpg,57
179001,Márcio Biolchi,MDB,RS,dep.marciobiolchi@camara.leg.br,https://www.camara.leg.br/internet/deputado/bandep/179001.jpg,57
226410,Márcio Correa,MDB,GO,,https://www.camara.leg.br/internet/deputado/bandep/226410.jpg,57
220687,Márcio Honaiser,PDT,MA,dep.marciohonaiser@camara.leg.br,https://www.camara.leg.br/internet/deputado/bandep/220687.jpg,57
81055,Márcio Jerry,PCdoB,MA,dep.marciojerry@camara.leg.br,https://www.camara.leg.br/internet/deputado/bandep/81055.jpg,57
150418,Márcio Marinho,REPUBLICANOS,BA,dep.marciomarinho@camara.leg.br,https://www.camara.leg.br/internet/deputado/bandep/150418.jpg,57
204522,Marco Bertaiolli,PSD,SP,,https://www.camara.leg.br/internet/deputado/bandep/204522.jpg,57
219585,Marco Brasil,PP,PR,dep.marcobrasil@camara.leg.br,https://www.camara.leg.br/internet/deputado/bandep/219585.jpg,57
160535,Marcon,PT,RS,dep.marcon@camara.leg.br,https://www.camara.leg.br/internet/deputado/bandep/160535.jpg,57
204431,Marcos Aurélio Sampaio,PSD,PI,dep.marcosaureliosampaio@camara.leg.br,https://www.camara.leg.br/internet/deputado/bandep/204431.jpg,57
204506,Marcos Pereira,REPUBLICANOS,SP,dep.marcospereira@camara.leg.br,https://www.camara.leg.br/internet/deputado/bandep/204506.jpg,57
220547,Marcos Pollon,PL,MS,dep.marcospollon@camara.leg.br,https://www.camara.leg.br/internet/deputado/bandep/220547.jpg,57
178943,Marcos Soares,UNIÃO,RJ,dep.marcossoares@camara.leg.br,https://www.camara.leg.br/internet/deputado/bandep/178943.jpg,57
220604,Marcos Tavares,PDT,RJ,dep.marcostavares@camara.leg.br,https://www.camara.leg.br/internet/deputado/bandep/220604.jpg,57
220668,Maria Arraes,SOLIDARIEDADE,PE,dep.mariaarraes@camara.leg.br,https://www.camara.leg.br/internet/deputado/bandep/220668.jpg,57
74398,Maria do Rosário,PT,RS,dep.mariadorosario@camara.leg.br,https://www.camara.leg.br/internet/deputado/bandep/74398.jpg,57
204540,Maria Rosas,REPUBLICANOS,SP,dep.mariarosas@camara.leg.br,https://www.camara.leg.br/internet/deputado/bandep/204540.jpg,57
227275,Mariana Carvalho,PSC,MA,,https://www.camara.leg.br/internet/deputado/bandep/227275.jpg,57
220637,Marina Silva,REDE,SP,,https://www.camara.leg.br/internet/deputado/bandep/220637.jpg,57
220655,Mario Frias,PL,SP,dep.mariofrias@camara.leg.br,https://www.camara.leg.br/internet/deputado/bandep/220655.jpg,57
74158,Mário Heringer,PDT,MG,dep.marioheringer@camara.leg.br,https://www.camara.leg.br/internet/deputado/bandep/74158.jpg,57
178858,Mário Negromonte Jr.,PP,BA,dep.marionegromontejr@camara.leg.br,https://www.camara.leg.br/internet/deputado/bandep/178858.jpg,57
204566,Marreca Filho,PATRIOTA,MA,dep.marrecafilho@camara.leg.br,https://www.camara.leg.br/internet/deputado/bandep/204566.jpg,57
220572,Marussa Boldrin,MDB,GO,dep.marussaboldrin@camara.leg.br,https://www.camara.leg.br/internet/deputado/bandep/220572.jpg,57
178843,Marx Beltrão,PP,AL,dep.marxbeltrao@camara.leg.br,https://www.camara.leg.br/internet/deputado/bandep/178843.jpg,57
220661,Matheus Noronha,PL,CE,dep.matheusnoronha@camara.leg.br,https://www.camara.leg.br/internet/deputado/bandep/220661.jpg,57
220609,Maurício Carvalho,UNIÃO,RO,dep.mauriciocarvalho@camara.leg.br,https://www.camara.leg.br/internet/deputado/bandep/220609.jpg,57
220628,Mauricio do Vôlei,PL,MG,dep.mauriciodovolei@camara.leg.br,https://www.camara.leg.br/internet/deputado/bandep/220628.jpg,57
220550,Mauricio Marcon,PODE,RS,dep.mauriciomarcon@camara.leg.br,https://www.camara.leg.br/internet/deputado/bandep/220550.jpg,57
220647,Mauricio Neves,PP,SP,dep.mauricioneves@camara.leg.br,https://www.camara.leg.br/internet/deputado/bandep/220647.jpg,57
204486,Mauro Benevides Filho,PDT,CE,dep.maurobenevidesfilho@camara.leg.br,https://www.camara.leg.br/internet/deputado/bandep/204486.jpg,57
220607,Max Lemos,PROS,RJ,dep.maxlemos@camara.leg.br,https://www.camara.leg.br/internet/deputado/bandep/220607.jpg,57
220591,Meire Serafim,UNIÃO,AC,dep.meireserafim@camara.leg.br,https://www.camara.leg.br/internet/deputado/bandep/220591.jpg,57
74428,Mendonça Filho,UNIÃO,PE,dep.mendoncafilho@camara.leg.br,https://www.camara.leg.br/internet/deputado/bandep/74428.jpg,57
188097,Merlong Solano,PT,PI,dep.merlongsolano@camara.leg.br,https://www.camara.leg.br/internet/deputado/bandep/188097.jpg,57
220585,Mersinho Lucena,PP,PB,dep.mersinholucena@camara.leg.br,https://www.camara.leg.br/internet/deputado/bandep/220585.jpg,57
220530,Messias Donato,REPUBLICANOS,ES,dep.messiasdonato@camara.leg.br,https://www.camara.leg.br/internet/deputado/bandep/220530.jpg,57
171786,Miguel Ângelo,PT,MG,dep.miguelangelo@camara.leg.br,https://www.camara.leg.br/internet/deputado/bandep/171786.jpg,57
178985,Miguel Lombardi,PL,SP,dep.miguellombardi@camara.leg.br,https://www.camara.leg.br/internet/deputado/bandep/178985.jpg,57
154178,Milton Vieira,REPUBLICANOS,SP,,https://www.camara.leg.br/internet/deputado/bandep/154178.jpg,57
178895,Misael Varella,PSD,MG,dep.misaelvarella@camara.leg.br,https://www.camara.leg.br/internet/deputado/bandep/178895.jpg,57
229225,Missionária Michele Collins,PP,PE,,https://www.camara.leg.br/internet/deputado/bandep/229225.jpg,57
178997,Moses Rodrigues,UNIÃO,CE,dep.mosesrodrigues@camara.leg.br,https://www.camara.leg.br/internet/deputado/bandep/178997.jpg,57
220617,Murillo Gouvea,UNIÃO,RJ,dep.murillogouvea@camara.leg.br,https://www.camara.leg.br/internet/deputado/bandep/220617.jpg,57
220584,Murilo Galdino,REPUBLICANOS,PB,dep.murilogaldino@camara.leg.br,https://www.camara.leg.br/internet/deputado/bandep/220584.jpg,57
204453,Natália Bonavides,PT,RN,dep.nataliabonavides@camara.leg.br,https://www.camara.leg.br/internet/deputado/bandep/204453.jpg,57
228042,Naumi Amorim,PSD,CE,,https://www.camara.leg.br/internet/deputado/bandep/228042.jpg,57
204449,Nelson Barbudo,PL,MT,dep.nelsonbarbudo@camara.leg.br,https://www.camara.leg.br/internet/deputado/bandep/204449.jpg,57
220622,Nely Aquino,PODE,MG,dep.nelyaquino@camara.leg.br,https://www.camara.leg.br/internet/deputado/bandep/220622.jpg,57
220703,Neto Carletto,PP,BA,dep.netocarletto@camara.leg.br,https://www.camara.leg.br/internet/deputado/bandep/220703.jpg,57
229939,Newton Bonin,UNIÃO,PR,,https://www.camara.leg.br/internet/deputado/bandep/229939.jpg,57
178896,Newton Cardoso Jr,MDB,MG,dep.newtoncardosojr@camara.leg.br,https://www.camara.leg.br/internet/deputado/bandep/178896.jpg,57
204479,Nicoletti,UNIÃO,RR,dep.nicoletti@camara.leg.br,https://www.camara.leg.br/internet/deputado/bandep/204479.jpg,57
209787,Nikolas Ferreira,PL,MG,dep.nikolasferreira@camara.leg.br,https://www.camara.leg.br/internet/deputado/bandep/209787.jpg,57
178986,Nilto Tatto,PT,SP,dep.niltotatto@camara.leg.br,https://www.camara.leg.br/internet/deputado/bandep/178986.jpg,57
227660,Nitinho,PSD,SE,dep.nitinho@camara.leg.br,https://www.camara.leg.br/internet/deputado/bandep/227660.jpg,57
74159,Odair Cunha,PT,MG,dep.odaircunha@camara.leg.br,https://www.camara.leg.br/internet/deputado/bandep/74159.jpg,57
204498,Olival Marques,MDB,PA,dep.olivalmarques@camara.leg.br,https://www.camara.leg.br/internet/deputado/bandep/204498.jpg,57
178987,Orlando Silva,PCdoB,SP,dep.orlandosilva@camara.leg.br,https://www.camara.leg.br/internet/deputado/bandep/178987.jpg,57
73692,Osmar Terra,MDB,RS,dep.osmarterra@camara.leg.br,https://www.camara.leg.br/internet/deputado/bandep/73692.jpg,57
204422,Ossesio Silva,REPUBLICANOS,PE,dep.ossesiosilva@camara.leg.br,https://www.camara.leg.br/internet/deputado/bandep/204422.jpg,57
204441,Otoni de Paula,MDB,RJ,dep.otonidepaula@camara.leg.br,https://www.camara.leg.br/internet/deputado/bandep/204441.jpg,57
204573,Otto Alencar Filho,PSD,BA,dep.ottoalencarfilho@camara.leg.br,https://www.camara.leg.br/internet/deputado/bandep/204573.jpg,57
220706,Padovani,UNIÃO,PR,dep.padovani@camara.leg.br,https://www.camara.leg.br/internet/deputado/bandep/220706.jpg,57
160556,Padre João,PT,MG,dep.padrejoao@camara.leg.br,https://www.camara.leg.br/internet/deputado/bandep/160556.jpg,57
230762,Pastor Claudio Mariano,UNIÃO,PA,dep.pastorclaudiomariano@camara.leg.br,https://www.camara.leg.br/internet/deputado/bandep/230762.jpg,57
180214,Pastor Diniz,UNIÃO,RR,dep.pastordiniz@camara.leg.br,https://www.camara.leg.br/internet/deputado/bandep/180214.jpg,57
160642,Pastor Eurico,PL,PE,dep.pastoreurico@camara.leg.br,https://www.camara.leg.br/internet/deputado/bandep/160642.jpg,57
204570,Pastor Gil,PL,MA,dep.pastorgil@camara.leg.br,https://www.camara.leg.br/internet/deputado/bandep/204570.jpg,57
220615,Pastor Henrique Vieira,PSOL,RJ,dep.pastorhenriquevieira@camara.leg.br,https://www.camara.leg.br/internet/deputado/bandep/220615.jpg,57
204553,Pastor Sargento Isidório,AVANTE,BA,dep.pastorsargentoisidorio@camara.leg.br,https://www.camara.leg.br/internet/deputado/bandep/204553.jpg,57
74160,Patrus Ananias,PT,MG,dep.patrusananias@camara.leg.br,https://www.camara.leg.br/internet/deputado/bandep/74160.jpg,57
74095,Pauderney Avelino,UNIÃO,AM,dep.pauderneyavelino@camara.leg.br,https://www.camara.leg.br/internet/deputado/bandep/74095.jpg,57
171617,Paulão,PT,AL,dep.paulao@camara.leg.br,https://www.camara.leg.br/internet/deputado/bandep/171617.jpg,57
141518,Paulinho da Força,SOLIDARIEDADE,SP,dep.paulinhodaforca@camara.leg.br,https://www.camara.leg.br/internet/deputado/bandep/141518.jpg,57
220627,Paulinho Freire,UNIÃO,RN,,https://www.camara.leg.br/internet/deputado/bandep/220627.jpg,57
141516,Paulo Abi-Ackel,PSDB,MG,dep.pauloabiackel@camara.leg.br,https://www.camara.leg.br/internet/deputado/bandep/141516.jpg,57
220650,Paulo Alexandre Barbosa,PSDB,SP,dep.pauloalexandrebarbosa@camara.leg.br,https://www.camara.leg.br/internet/deputado/bandep/220650.jpg,57
178860,Paulo Azi,UNIÃO,BA,dep.pauloazi@camara.leg.br,https://www.camara.leg.br/internet/deputado/bandep/178860.jpg,57
160517,Paulo Foletto,PSB,ES,dep.paulofolletto@camara.leg.br,https://www.camara.leg.br/internet/deputado/bandep/160517.jpg,57
160558,Paulo Freire Costa,PL,SP,dep.paulofreirecosta@camara.leg.br,https://www.camara.leg.br/internet/deputado/bandep/160558.jpg,57
204492,Paulo Guedes,PT,MG,dep.pauloguedes@camara.leg.br,https://www.camara.leg.br/internet/deputado/bandep/204492.jpg,57
220685,Paulo Litro,PSD,PR,dep.paulolitro@camara.leg.br,https://www.camara.leg.br/internet/deputado/bandep/220685.jpg,57
74574,Paulo Magalhães,PSD,BA,dep.paulomagalhaes@camara.leg.br,https://www.camara.leg.br/internet/deputado/bandep/74574.jpg,57
128760,Paulo Marinho Jr,PL,MA,,https://www.camara.leg.br/internet/deputado/bandep/128760.jpg,57
74400,Paulo Pimenta,PT,RS,dep.paulopimenta@camara.leg.br,https://www.camara.leg.br/internet/deputado/bandep/74400.jpg,57
141488,Paulo Teixeira,PT,SP,,https://www.camara.leg.br/internet/deputado/bandep/141488.jpg,57
220630,Pedro Aihara,PATRIOTA,MG,dep.pedroaihara@camara.leg.br,https://www.camara.leg.br/internet/deputado/bandep/220630.jpg,57
220667,Pedro Campos,PSB,PE,dep.pedrocampos@camara.leg.br,https://www.camara.leg.br/internet/deputado/bandep/220667.jpg,57
229112,Pedro Jr,PL,TO,,https://www.camara.leg.br/internet/deputado/bandep/229112.jpg,57
122974,Pedro Lucas Fernandes,UNIÃO,MA,dep.pedrolucasfernandes@camara.leg.br,https://www.camara.leg.br/internet/deputado/bandep/122974.jpg,57
204395,Pedro Lupion,PP,PR,dep.pedrolupion@camara.leg.br,https://www.camara.leg.br/internet/deputado/bandep/204395.jpg,57
122158,Pedro Paulo,PSD,RJ,dep.pedropaulo@camara.leg.br,https://www.camara.leg.br/internet/deputado/bandep/122158.jpg,57
229259,Pedro Tourinho,PT,SP,,https://www.camara.leg.br/internet/deputado/bandep/229259.jpg,57
160604,Pedro Uczai,PT,SC,dep.pedrouczai@camara.leg.br,https://www.camara.leg.br/internet/deputado/bandep/160604.jpg,57
204406,Pedro Westphalen,PP,RS,dep.pedrowestphalen@camara.leg.br,https://www.camara.leg.br/internet/deputado/bandep/204406.jpg,57
161440,Pezenti,MDB,SC,dep.pezenti@camara.leg.br,https://www.camara.leg.br/internet/deputado/bandep/161440.jpg,57
204524,Pinheirinho,PP,MG,dep.pinheirinho@camara.leg.br,https://www.camara.leg.br/internet/deputado/bandep/204524.jpg,57
73486,Pompeo de Mattos,PDT,RS,dep.pompeodemattos@camara.leg.br,https://www.camara.leg.br/internet/deputado/bandep/73486.jpg,57
160601,Pr. Marco Feliciano,PL,SP,dep.pr.marcofeliciano@camara.leg.br,https://www.camara.leg.br/internet/deputado/bandep/160601.jpg,57
226075,Priscila Costa,PL,CE,,https://www.camara.leg.br/internet/deputado/bandep/226075.jpg,57
89536,Prof. Paulo Fernando,REPUBLICANOS,DF,,https://www.camara.leg.br/internet/deputado/bandep/89536.jpg,57
220533,Prof. Reginaldo Veras,PV,DF,dep.prof.reginaldoveras@camara.leg.br,https://www.camara.leg.br/internet/deputado/bandep/220533.jpg,57
204390,Professor Alcides,PL,GO,dep.professoralcides@camara.leg.br,https://www.camara.leg.br/internet/deputado/bandep/204390.jpg,57
220580,Professora Goreth,PDT,AP,dep.professoragoreth@camara.leg.br,https://www.camara.leg.br/internet/deputado/bandep/220580.jpg,57
221338,Professora Luciene Cavalcante,PSOL,SP,dep.professoralucienecavalcante@camara.leg.br,https://www.camara.leg.br/internet/deputado/bandep/221338.jpg,57
220586,Rafael Brito,MDB,AL,dep.rafaelbrito@camara.leg.br,https://www.camara.leg.br/internet/deputado/bandep/220586.jpg,57
220532,Rafael Prudente,MDB,DF,dep.rafaelprudente@camara.leg.br,https://www.camara.leg.br/internet/deputado/bandep/220532.jpg,57
220626,Rafael Simoes,UNIÃO,MG,dep.rafaelsimoes@camara.leg.br,https://www.camara.leg.br/internet/deputado/bandep/220626.jpg,57
204567,Raimundo Costa,PODE,BA,dep.raimundocosta@camara.leg.br,https://www.camara.leg.br/internet/deputado/bandep/204567.jpg,57
74084,Raimundo Santos,PSD,PA,dep.raimundosantos@camara.leg.br,https://www.camara.leg.br/internet/deputado/bandep/74084.jpg,57
115200,Raniery Paulino,REPUBLICANOS,PB,,https://www.camara.leg.br/internet/deputado/bandep/115200.jpg,57
74161,Reginaldo Lopes,PT,MG,dep.reginaldolopes@camara.leg.br,https://www.camara.leg.br/internet/deputado/bandep/74161.jpg,57
221378,Reginete Bispo,PT,RS,,https://www.camara.leg.br/internet/deputado/bandep/221378.jpg,57
220606,Reimont,PT,RJ,dep.reimont@camara.leg.br,https://www.camara.leg.br/internet/deputado/bandep/220606.jpg,57
205865,Reinhold Stephanes,PSD,PR,dep.reinholdstephanes@camara.leg.br,https://www.camara.leg.br/internet/deputado/bandep/205865.jpg,57
225386,Renan Ferreirinha,PSD,RJ,,https://www.camara.leg.br/internet/deputado/bandep/225386.jpg,57
178989,Renata Abreu,PODE,SP,dep.renataabreu@camara.leg.br,https://www.camara.leg.br/internet/deputado/bandep/178989.jpg,57
153423,Renilce Nicodemos,MDB,PA,dep.renilcenicodemos@camara.leg.br,https://www.camara.leg.br/internet/deputado/bandep/153423.jpg,57
73801,Renildo Calheiros,PCdoB,PE,dep.renildocalheiros@camara.leg.br,https://www.camara.leg.br/internet/deputado/bandep/73801.jpg,57
175765,Ribamar Silva,PSD,SP,dep.ribamarsilva@camara.leg.br,https://www.camara.leg.br/internet/deputado/bandep/175765.jpg,57
221329,Ricardo Abrão,UNIÃO,RJ,,https://www.camara.leg.br/internet/deputado/bandep/221329.jpg,57
220543,Ricardo Ayres,REPUBLICANOS,TO,dep.ricardoayres@camara.leg.br,https://www.camara.leg.br/internet/deputado/bandep/220543.jpg,57
73788,Ricardo Barros,PP,PR,,https://www.camara.leg.br/internet/deputado/bandep/73788.jpg,57
204362,Ricardo Guidi,PSD,SC,dep.ricardoguidi@camara.leg.br,https://www.camara.leg.br/internet/deputado/bandep/204362.jpg,57
220694,Ricardo Maia,MDB,BA,dep.ricardomaia@camara.leg.br,https://www.camara.leg.br/internet/deputado/bandep/220694.jpg,57
220633,Ricardo Salles,PL,SP,dep.ricardosalles@camara.leg.br,https://www.camara.leg.br/internet/deputado/bandep/220633.jpg,57
213274,Ricardo Silva,PSD,SP,,https://www.camara.leg.br/internet/deputado/bandep/213274.jpg,57
204489,Robério Monteiro,PDT,CE,dep.roberiomonteiro@camara.leg.br,https://www.camara.leg.br/internet/deputado/bandep/204489.jpg,57
220693,Roberta Roma,PL,BA,dep.robertaroma@camara.leg.br,https://www.camara.leg.br/internet/deputado/bandep/220693.jpg,57
220588,Roberto Duarte,REPUBLICANOS,AC,dep.robertoduarte@camara.leg.br,https://www.camara.leg.br/internet/deputado/bandep/220588.jpg,57
220613,Roberto Monteiro,PL,RJ,dep.robertomonteiropai@camara.leg.br,https://www.camara.leg.br/internet/deputado/bandep/220613.jpg,57
220624,Robinson Faria,PL,RN,dep.robinsonfaria@camara.leg.br,https://www.camara.leg.br/internet/deputado/bandep/220624.jpg,57
220546,Rodolfo Nogueira,PL,MS,dep.rodolfonogueira@camara.leg.br,https://www.camara.leg.br/internet/deputado/bandep/220546.jpg,57
230767,Rodrigo da Zaeli,PL,MT,dep.rodrigodazaeli@camara.leg.br,https://www.camara.leg.br/internet/deputado/bandep/230767.jpg,57
141531,Rodrigo de Castro,UNIÃO,MG,dep.rodrigodecastro@camara.leg.br,https://www.camara.leg.br/internet/deputado/bandep/141531.jpg,57
223128,Rodrigo Estacho,PSD,PR,dep.rodrigoestacho@camara.leg.br,https://www.camara.leg.br/internet/deputado/bandep/223128.jpg,57
220641,Rodrigo Gambale,PODE,SP,dep.rodrigogambale@camara.leg.br,https://www.camara.leg.br/internet/deputado/bandep/220641.jpg,57
165470,Rodrigo Valadares,UNIÃO,SE,dep.rodrigovaladares@camara.leg.br,https://www.camara.leg.br/internet/deputado/bandep/165470.jpg,57
220695,Rogéria Santos,REPUBLICANOS,BA,dep.rogeriasantos@camara.leg.br,https://www.camara.leg.br/internet/deputado/bandep/220695.jpg,57
204480,Rogério Correia,PT,MG,dep.rogeriocorreia@camara.leg.br,https://www.camara.leg.br/internet/deputado/bandep/204480.jpg,57
160629,Romero Rodrigues,PSC,PB,dep.romerorodrigues@camara.leg.br,https://www.camara.leg.br/internet/deputado/bandep/160629.jpg,57
163321,Ronaldo Nogueira,REPUBLICANOS,RS,dep.ronaldonogueira@camara.leg.br,https://www.camara.leg.br/internet/deputado/bandep/163321.jpg,57
204525,Rosana Valle,PL,SP,dep.rosanavalle@camara.leg.br,https://www.camara.leg.br/internet/deputado/bandep/204525.jpg,57
178945,Rosangela Gomes,REPUBLICANOS,RJ,,https://www.camara.leg.br/internet/deputado/bandep/178945.jpg,57
220644,Rosangela Moro,UNIÃO,SP,dep.rosangelamoro@camara.leg.br,https://www.camara.leg.br/internet/deputado/bandep/220644.jpg,57
220620,Rosângela Reis,PL,MG,dep.rosangelareis@camara.leg.br,https://www.camara.leg.br/internet/deputado/bandep/220620.jpg,57
73806,Roseana Sarney,MDB,MA,,https://www.camara.leg.br/internet/deputado/bandep/73806.jpg,57
74371,Rubens Otoni,PT,GO,dep.rubensotoni@camara.leg.br,https://www.camara.leg.br/internet/deputado/bandep/74371.jpg,57
178887,Rubens Pereira Júnior,PT,MA,dep.rubenspereirajunior@camara.leg.br,https://www.camara.leg.br/internet/deputado/bandep/178887.jpg,57
73604,Rui Falcão,PT,SP,dep.ruifalcao@camara.leg.br,https://www.camara.leg.br/internet/deputado/bandep/73604.jpg,57
160635,Ruy Carneiro,PSC,PB,dep.ruycarneiro@camara.leg.br,https://www.camara.leg.br/internet/deputado/bandep/160635.jpg,57
204535,Sâmia Bomfim,PSOL,SP,dep.samiabomfim@camara.leg.br,https://www.camara.leg.br/internet/deputado/bandep/204535.jpg,57
220631,Samuel Viana,PL,MG,dep.samuelviana@camara.leg.br,https://www.camara.leg.br/internet/deputado/bandep/220631.jpg,57
204416,Sanderson,PL,RS,dep.sanderson@camara.leg.br,https://www.camara.leg.br/internet/deputado/bandep/204416.jpg,57
160621,Sandro Alex,PSD,PR,,https://www.camara.leg.br/internet/deputado/bandep/160621.jpg,57
204387,Sargento Fahur,PSD,PR,dep.sargentofahur@camara.leg.br,https://www.camara.leg.br/internet/deputado/bandep/204387.jpg,57
220621,Sargento Gonçalves,PL,RN,dep.sargentogoncalves@camara.leg.br,https://www.camara.leg.br/internet/deputado/bandep/220621.jpg,57
220618,Sargento Portugal,PODE,RJ,dep.sargentoportugal@camara.leg.br,https://www.camara.leg.br/internet/deputado/bandep/220618.jpg,57
220713,Saullo Vianna,UNIÃO,AM,,https://www.camara.leg.br/internet/deputado/bandep/220713.jpg,57
226837,Saulo Pedroso,PSD,SP,dep.saulopedroso@camara.leg.br,https://www.camara.leg.br/internet/deputado/bandep/226837.jpg,57
73808,Sérgio Brito,PSD,BA,,https://www.camara.leg.br/internet/deputado/bandep/73808.jpg,57
178933,Sergio Souza,MDB,PR,dep.sergiosouza@camara.leg.br,https://www.camara.leg.br/internet/deputado/bandep/178933.jpg,57
204557,Sidney Leite,PSD,AM,dep.sidneyleite@camara.leg.br,https://www.camara.leg.br/internet/deputado/bandep/204557.jpg,57
74356,Silas Câmara,REPUBLICANOS,AM,dep.silascamara@camara.leg.br,https://www.camara.leg.br/internet/deputado/bandep/74356.jpg,57
204360,Silvia Cristina,PL,RO,dep.silviacristina@camara.leg.br,https://www.camara.leg.br/internet/deputado/bandep/204360.jpg,57
220579,Silvia Waiãpi,PL,AP,dep.silviawaiapi@camara.leg.br,https://www.camara.leg.br/internet/deputado/bandep/220579.jpg,57
227310,Silvio Antonio,PL,MA,,https://www.camara.leg.br/internet/deputado/bandep/227310.jpg,57
204425,Silvio Costa Filho,REPUBLICANOS,PE,,https://www.camara.leg.br/internet/deputado/bandep/204425.jpg,57
220569,Silvye Alves,UNIÃO,GO,dep.silvyealves@camara.leg.br,https://www.camara.leg.br/internet/deputado/bandep/220569.jpg,57
220651,Simone Marquetto,MDB,SP,dep.simonemarquetto@camara.leg.br,https://www.camara.leg.br/internet/deputado/bandep/220651.jpg,57
104552,Socorro Neri,PP,AC,dep.socorroneri@camara.leg.br,https://www.camara.leg.br/internet/deputado/bandep/104552.jpg,57
220643,Sônia Guajajara,PSOL,SP,,https://www.camara.leg.br/internet/deputado/bandep/220643.jpg,57
220575,Sonize Barbosa,PL,AP,dep.sonizebarbosa@camara.leg.br,https://www.camara.leg.br/internet/deputado/bandep/220575.jpg,57
178946,Soraya Santos,PL,RJ,dep.sorayasantos@camara.leg.br,https://www.camara.leg.br/internet/deputado/bandep/178946.jpg,57
178947,Sóstenes Cavalcante,PL,RJ,dep.sostenescavalcante@camara.leg.br,https://www.camara.leg.br/internet/deputado/bandep/178947.jpg,57
92776,Stefano Aguiar,PSD,MG,dep.stefanoaguiar@camara.leg.br,https://www.camara.leg.br/internet/deputado/bandep/92776.jpg,57
204534,Tabata Amaral,PSB,SP,dep.tabataamaral@camara.leg.br,https://www.camara.leg.br/internet/deputado/bandep/204534.jpg,57
230177,Tadeu Oliveira,PL,CE,,https://www.camara.leg.br/internet/deputado/bandep/230177.jpg,57
220682,Tadeu Veneri,PT,PR,dep.tadeuveneri@camara.leg.br,https://www.camara.leg.br/internet/deputado/bandep/220682.jpg,57
204464,Talíria Petrone,PSOL,RJ,dep.taliriapetrone@camara.leg.br,https://www.camara.leg.br/internet/deputado/bandep/204464.jpg,57
220598,Tarcísio Motta,PSOL,RJ,dep.tarcisiomotta@camara.leg.br,https://www.camara.leg.br/internet/deputado/bandep/220598.jpg,57
220552,Tenente Coronel Zucco,REPUBLICANOS,RS,dep.zucco@camara.leg.br,https://www.camara.leg.br/internet/deputado/bandep/220552.jpg,57
220560,Thiago de Joaldo,PP,SE,dep.thiagodejoaldo@camara.leg.br,https://www.camara.leg.br/internet/deputado/bandep/220560.jpg,57
220597,Thiago Flores,MDB,RO,dep.thiagoflores@camara.leg.br,https://www.camara.leg.br/internet/deputado/bandep/220597.jpg,57
220684,Tião Medeiros,PP,PR,dep.tiaomedeiros@camara.leg.br,https://www.camara.leg.br/internet/deputado/bandep/220684.jpg,57
160976,Tiririca,PL,SP,dep.tiririca@camara.leg.br,https://www.camara.leg.br/internet/deputado/bandep/160976.jpg,57
178934,Toninho Wandscheer,PROS,PR,dep.toninhowandscheer@camara.leg.br,https://www.camara.leg.br/internet/deputado/bandep/178934.jpg,57
157130,Túlio Gadêlha,REDE,PE,dep.tuliogadelha@camara.leg.br,https://www.camara.leg.br/internet/deputado/bandep/157130.jpg,57
223398,Ulisses Guimarães,MDB,MG,,https://www.camara.leg.br/internet/deputado/bandep/223398.jpg,57
160610,Valmir Assunção,PT,BA,dep.valmirassuncao@camara.leg.br,https://www.camara.leg.br/internet/deputado/bandep/160610.jpg,57
74376,Vander Loubet,PT,MS,dep.vanderloubet@camara.leg.br,https://www.camara.leg.br/internet/deputado/bandep/74376.jpg,57
204396,Vermelho,PL,PR,dep.vermelho@camara.leg.br,https://www.camara.leg.br/internet/deputado/bandep/204396.jpg,57
74283,Vicentinho,PT,SP,dep.vicentinho@camara.leg.br,https://www.camara.leg.br/internet/deputado/bandep/74283.jpg,57
137070,Vicentinho Júnior,PP,TO,dep.vicentinhojunior@camara.leg.br,https://www.camara.leg.br/internet/deputado/bandep/137070.jpg,57
141555,Vinicius Carvalho,REPUBLICANOS,SP,dep.viniciuscarvalho@camara.leg.br,https://www.camara.leg.br/internet/deputado/bandep/141555.jpg,57
160591,Vinicius Gurgel,PL,AP,dep.viniciusgurgel@camara.leg.br,https://www.camara.leg.br/internet/deputado/bandep/160591.jpg,57
178992,Vitor Lippi,PSDB,SP,dep.vitorlippi@camara.leg.br,https://www.camara.leg.br/internet/deputado/bandep/178992.jpg,57
91228,Waldemar Oliveira,AVANTE,PE,dep.waldemaroliveira@camara.leg.br,https://www.camara.leg.br/internet/deputado/bandep/91228.jpg,57
160569,Waldenor Pereira,PT,BA,dep.waldenorpereira@camara.leg.br,https://www.camara.leg.br/internet/deputado/bandep/160569.jpg,57
220601,Washington Quaquá,PT,RJ,,https://www.camara.leg.br/internet/deputado/bandep/220601.jpg,57
160518,Weliton Prado,PROS,MG,dep.welitonprado@camara.leg.br,https://www.camara.leg.br/internet/deputado/bandep/160518.jpg,57
74043,Wellington Roberto,PL,PB,dep.wellingtonroberto@camara.leg.br,https://www.camara.leg.br/internet/deputado/bandep/74043.jpg,57
224333,Welter,PT,PR,dep.welter@camara.leg.br,https://www.camara.leg.br/internet/deputado/bandep/224333.jpg,57
74044,Wilson Santiago,REPUBLICANOS,PB,dep.wilsonsantiago@camara.leg.br,https://www.camara.leg.br/internet/deputado/bandep/74044.jpg,57
182146,Wolmer Araújo,PATRIOTA,MA,,https://www.camara.leg.br/internet/deputado/bandep/182146.jpg,57
220564,Yandra Moura,UNIÃO,SE,dep.yandramoura@camara.leg.br,https://www.camara.leg.br/internet/deputado/bandep/220564.jpg,57
220660,Yury do Paredão,PL,CE,dep.yurydoparedao@camara.leg.br,https://www.camara.leg.br/internet/deputado/bandep/220660.jpg,57
230768,Zé Adriano,PP,AC,dep.zeadriano@camara.leg.br,https://www.camara.leg.br/internet/deputado/bandep/230768.jpg,57
220536,Zé Haroldo Cathedral,PSD,RR,dep.zeharoldocathedral@camara.leg.br,https://www.camara.leg.br/internet/deputado/bandep/220536.jpg,57
204559,Zé Neto,PT,BA,dep.zeneto@camara.leg.br,https://www.camara.leg.br/internet/deputado/bandep/204559.jpg,57
160632,Zé Silva,SOLIDARIEDADE,MG,dep.zesilva@camara.leg.br,https://www.camara.leg.br/internet/deputado/bandep/160632.jpg,57
220558,Zé Trovão,PL,SC,dep.zetrovao@camara.leg.br,https://www.camara.leg.br/internet/deputado/bandep/220558.jpg,57
204517,Zé Vitor,PL,MG,dep.zevitor@camara.leg.br,https://www.camara.leg.br/internet/deputado/bandep/204517.jpg,57
160592,Zeca Dirceu,PT,PR,dep.zecadirceu@camara.leg.br,https://www.camara.leg.br/internet/deputado/bandep/160592.jpg,57
220592,Zezinho Barbary,PP,AC,dep.zezinhobarbary@camara.leg.br,https://www.camara.leg.br/internet/deputado/bandep/220592.jpg,57
